budget,company,country,director,genre,gross,name,rating,released,runtime,score,star,votes,writer,year,profit
200000000,Lucasfilm,USA,Gareth Edwards,Action,532177324,Rogue One,PG-13,12/16/2016,133,7.9,Felicity Jones,365473,Chris Weitz,2016,266.088662
58000000,Twentieth Century Fox Film Corporation,USA,Tim Miller,Action,363070709,Deadpool,R,2/12/2016,108,8,Ryan Reynolds,668625,Rhett Reese,2016,625.983981
75000000,Universal Pictures,Japan,Chris Renaud,Animation,368384330,La vida secreta de tus mascotas,PG,7/8/2016,87,6.6,Louis C.K.,133755,Cinco Paul,2016,491.1791067
200000000,Pixar Animation Studios,USA,Andrew Stanton,Animation,486295561,Finding Dory,PG,6/17/2016,97,7.4,Ellen DeGeneres,173005,Andrew Stanton,2016,243.1477805
75000000,Dentsu,USA,Garth Jennings,Animation,270329045,Sing,PG,12/21/2016,108,7.1,Matthew McConaughey,81466,Garth Jennings,2016,360.4387267
150000000,Walt Disney Pictures,USA,Byron Howard,Animation,341268248,Zootopia,PG,3/4/2016,108,8,Ginnifer Goodwin,317549,Byron Howard,2016,227.5121653
175000000,Fairview Entertainment,UK,Jon Favreau,Adventure,364001123,The Jungle Book,PG,4/15/2016,106,7.5,Neel Sethi,209062,Justin Marks,2016,208.0006417
250000000,Marvel Studios,USA,Anthony Russo,Action,408084349,Captain America: Civil War,PG-13,5/6/2016,147,7.9,Chris Evans,442645,Christopher Markus,2016,163.2337396
175000000,Atlas Entertainment,USA,David Ayer,Action,325100054,Suicide Squad,PG-13,8/5/2016,123,6.2,Will Smith,435667,David Ayer,2016,185.7714594
25000000,Levantine Films,USA,Theodore Melfi,Biography,169380936,Hidden Figures,PG,1/6/2017,127,7.8,Taraji P. Henson,121818,Allison Schroeder,2016,677.523744
9000000,Blinding Edge Pictures,Japan,M. Night Shyamalan,Horror,138141585,Split,PG-13,1/20/2017,117,7.3,James McAvoy,213536,M. Night Shyamalan,2016,1534.9065
30000000,Summit Entertainment,USA,Damien Chazelle,Comedy,151101803,La La Land,PG-13,12/25/2016,128,8.2,Ryan Gosling,308891,Damien Chazelle,2016,503.6726767
150000000,Walt Disney Animation Studios,USA,Ron Clements,Animation,248757044,Moana,PG,11/23/2016,107,7.6,Auli'i Cravalho,157290,Jared Bush,2016,165.8380293
20000000,STX Entertainment,USA,Jon Lucas,Comedy,113257297,Bad Moms,R,7/29/2016,100,6.2,Mila Kunis,76251,Jon Lucas,2016,566.286485
250000000,Warner Bros.,USA,Zack Snyder,Action,330360194,Batman v Superman: Dawn of Justice,PG-13,3/25/2016,151,6.6,Ben Affleck,497351,Chris Terrio,2016,132.1440776
9900000,Screen Gems,USA,Fede Alvarez,Crime,89210468,Don't Breathe,R,8/26/2016,88,7.2,Stephen Lang,139449,Fede Alvarez,2016,901.1158384
19000000,Annapurna Pictures,USA,Greg Tiernan,Animation,97661826,Sausage Party,R,8/12/2016,89,6.2,Seth Rogen,133200,Kyle Hunter,2016,514.0096105
50000000,New Line Cinema,USA,Rawson Marshall Thurber,Action,127440871,Central Intelligence,PG-13,6/17/2016,107,6.3,Dwayne Johnson,106773,Ike Barinholtz,2016,254.881742
10000000,Universal Pictures,USA,James DeMonaco,Action,79003080,The Purge: Election Year,R,7/1/2016,108,6,Frank Grillo,60239,James DeMonaco,2016,790.0308
165000000,Marvel Studios,USA,Scott Derrickson,Action,232641920,Doctor Strange,PG-13,11/4/2016,115,7.5,Benedict Cumberbatch,348307,Jon Spaihts,2016,140.995103
60000000,Flashlight Films,USA,Clint Eastwood,Biography,125070033,Sully,PG-13,9/9/2016,96,7.5,Tom Hanks,157212,Todd Komarnicki,2016,208.450055
40000000,New Line Cinema,Canada,James Wan,Horror,102470008,The Conjuring 2,R,6/10/2016,134,7.4,Vera Farmiga,151427,Carey Hayes,2016,256.17502
4900000,New Line Cinema,USA,David F. Sandberg,Horror,67235683,Lights Out,PG-13,7/22/2016,81,6.4,Teresa Palmer,80019,Eric Heisserer,2016,1372.156796
15000000,Paramount Pictures,USA,Dan Trachtenberg,Drama,71897215,10 Cloverfield Lane,PG-13,3/11/2016,104,7.2,John Goodman,208655,Josh Campbell,2016,479.3147667
180000000,Heyday Films,UK,David Yates,Adventure,234037575,Fantastic Beasts and Where to Find Them,PG-13,11/18/2016,133,7.4,Eddie Redmayne,268073,J.K. Rowling,2016,130.020875
47000000,Lava Bear Films,USA,Denis Villeneuve,Drama,100546139,Arrival,PG-13,11/11/2016,116,8,Amy Adams,391385,Eric Heisserer,2016,213.9279553
20000000,"Tyler Perry Company, The",USA,Tyler Perry,Comedy,73159525,Boo! A Madea Halloween,PG-13,10/21/2016,103,4.7,Tyler Perry,4640,Tyler Perry,2016,365.797625
13000000,Columbia Pictures,USA,Patricia Riggen,Biography,61693523,Miracles from Heaven,PG,3/16/2016,109,7,Jennifer Garner,13373,Christy Beam,2016,474.5655615
120000000,Captivate Entertainment,UK,Paul Greengrass,Action,162434410,Jason Bourne,PG-13,7/29/2016,123,6.7,Matt Damon,163614,Paul Greengrass,2016,135.3620083
44000000,Warner Bros.,USA,Gavin O'Connor,Action,86198014,The Accountant,R,10/14/2016,128,7.4,Ben Affleck,188598,Bill Dubuque,2016,195.9045773
18000000,Gold Circle Films,USA,Kirk Jones,Comedy,59573085,My Big Fat Greek Wedding 2,PG-13,3/25/2016,94,6,Nia Vardalos,22142,Nia Vardalos,2016,330.9615833
12000000,The Weinstein Company,UK,Garth Davis,Biography,51694854,Lion,PG-13,1/6/2017,118,8.1,Dev Patel,133709,Saroo Brierley,2016,430.79045
8500000,Amazon Studios,USA,Kenneth Lonergan,Drama,47695120,Manchester by the Sea,R,12/16/2016,137,7.9,Casey Affleck,159673,Kenneth Lonergan,2016,561.1190588
17000000,Columbia Pictures,USA,Jaume Collet-Serra,Drama,55121623,The Shallows,PG-13,6/24/2016,86,6.3,Blake Lively,87057,Anthony Jaswinski,2016,324.2448412
20000000,Metro-Goldwyn-Mayer (MGM),UK,Thea Sharrock,Drama,56245075,Me Before You,PG-13,6/3/2016,106,7.4,Emilia Clarke,127889,Jojo Moyes,2016,281.225375
73000000,Columbia Pictures,Finland,Clay Kaytis,Animation,107509366,The Angry Birds Movie,PG,5/20/2016,97,6.3,Jason Sudeikis,59472,Jon Vitti,2016,147.2731041
29000000,Gary Sanchez Productions,USA,Ben Falcone,Comedy,63034755,The Boss,R,4/8/2016,99,5.4,Melissa McCarthy,31703,Melissa McCarthy,2016,217.3612241
24000000,Bron Studios,USA,Denzel Washington,Drama,57642961,Fences,PG-13,12/25/2016,139,7.2,Denzel Washington,62351,August Wilson,2016,240.1790042
45000000,Amblin Partners,USA,Tate Taylor,Crime,75311445,The Girl on the Train,R,10/7/2016,112,6.5,Emily Blunt,116916,Erin Cressida Wilson,2016,167.3587667
125000000,DreamWorks Animation,USA,Mike Mitchell,Animation,153707064,Trolls,PG,11/4/2016,92,6.5,Anna Kendrick,49423,Jonathan Aibel,2016,122.9656512
8000000,Lakeshore Entertainment,USA,William Brent Bell,Horror,35794166,The Boy,PG-13,1/22/2016,97,6,Lauren Cohan,55856,Stacey Menear,2016,447.427075
40000000,Cross Creek Pictures,Australia,Mel Gibson,Biography,67115062,Hasta el último hombre,R,11/4/2016,139,8.2,Andrew Garfield,263728,Robert Schenkkan,2016,167.787655
1500000,A24,USA,Barry Jenkins,Drama,27850912,Moonlight,R,11/18/2016,111,7.5,Mahershala Ali,161857,Barry Jenkins,2016,1856.727467
9000000,Allspark Pictures,USA,Mike Flanagan,Horror,34904885,Ouija: Origin of Evil,PG-13,10/21/2016,99,6.1,Elizabeth Reaser,35690,Mike Flanagan,2016,387.8320556
17000000,Perfect World Pictures (Beijing),USA,David E. Talbert,Comedy,41715860,Almost Christmas,PG-13,11/11/2016,111,6,Kimberly Elise,3366,David E. Talbert,2016,245.3874118
38000000,Twentieth Century Fox Film Corporation,USA,John Hamburg,Comedy,60269575,Why Him?,R,12/23/2016,111,6.3,Zoey Deutch,63612,John Hamburg,2016,158.6041447
35000000,Good Universe,USA,Nicholas Stoller,Comedy,55291815,Neighbors 2: Sorority Rising,R,5/20/2016,92,5.7,Seth Rogen,83340,Andrew Jay Cohen,2016,157.9766143
20000000,Allison Shearmur Productions,USA,Henry Joost,Adventure,38562379,Nerve,PG-13,7/27/2016,96,6.6,Emma Roberts,81127,Jeanne Ryan,2016,192.811895
20000000,LD Entertainment,USA,Kevin Reynolds,Action,36874745,Risen,PG-13,2/19/2016,107,6.3,Joseph Fiennes,19084,Kevin Reynolds,2016,184.373725
10000000,Gramercy Pictures (I),USA,Jason Zada,Horror,26583369,The Forest,PG-13,1/8/2016,93,4.8,Natalie Dormer,30580,Nick Antosca,2016,265.83369
5000000,Lionsgate,Canada,Adam Wingard,Horror,20747013,La bruja de Blair,R,9/16/2016,89,5,James Allen McCune,29715,Simon Barrett,2016,414.94026
12000000,Film 44,USA,David Mackenzie,Crime,26862450,Hell or High Water,R,8/26/2016,102,7.6,Chris Pine,132328,Taylor Sheridan,2016,223.85375
27000000,TriStar Pictures,USA,Jodie Foster,Crime,41012075,Money Monster,R,5/13/2016,98,6.5,George Clooney,72997,Jamie Linden,2016,151.8965741
33000000,Twentieth Century Fox Film Corporation,USA,Jake Szymanski,Adventure,46007113,Mike and Dave Need Wedding Dates,R,7/8/2016,98,6,Zac Efron,61076,Andrew Jay Cohen,2016,139.4154939
8500000,CBS Films,USA,Steve Carr,Animation,19985196,Middle School: The Worst Years of My Life,PG,10/7/2016,92,6.1,Griffin Gluck,4556,Chris Bowman,2016,235.1199529
65000000,Walt Disney Pictures,USA,David Lowery,Action,76204454,Pete's Dragon,PG,8/12/2016,102,6.7,Bryce Dallas Howard,41083,David Lowery,2016,117.2376215
3000000,Westerly Films,Ireland,Whit Stillman,Comedy,14013564,Love & Friendship,PG,6/3/2016,90,6.5,Kate Beckinsale,17862,Whit Stillman,2016,467.1188
45000000,Amblin Partners,USA,Josh Gordon,Comedy,54730514,Office Christmas Party,R,12/9/2016,105,5.8,Jason Bateman,37358,Justin Malen,2016,121.6233644
38000000,New Line Cinema,USA,Christian Ditter,Comedy,46813366,How to Be Single,R,2/12/2016,110,6.1,Dakota Johnson,63520,Abby Kohn,2016,123.1930684
900000,Hidden Empire Film Group,USA,Deon Taylor,Comedy,9093856,Meet the Blacks,R,4/1/2016,94,6,Mike Epps,18980,Nicole DeMasi,2016,1010.428444
22000000,Working Title Films,UK,Ethan Coen,Comedy,30080225,"Hail, Caesar!",PG-13,2/5/2016,106,6.3,Josh Brolin,94361,Joel Coen,2016,136.7282955
27500000,Lionsgate,USA,Dan Mazer,Comedy,35537564,Dirty Grandpa,R,1/22/2016,102,6,Robert De Niro,82289,John Phillips,2016,129.2275055
25000000,Open Road Films (II),USA,Garry Marshall,Comedy,32463917,Mother's Day,PG-13,4/29/2016,118,5.6,Jennifer Aniston,22504,Anya Kochoff,2016,129.855668
8500000,Bron Studios,USA,Nate Parker,Biography,15858754,The Birth of a Nation,R,10/7/2016,120,6.3,Nate Parker,14778,Nate Parker,2016,186.5735765
4000000,Blumhouse Productions,USA,Greg McLean,Horror,10732841,The Darkness,PG-13,5/13/2016,92,4.4,Kevin Bacon,9450,Greg McLean,2016,268.321025
15000000,New Line Cinema,USA,Peter Atencio,Action,20566327,Keanu,R,4/29/2016,100,6.3,Keegan-Michael Key,34580,Jordan Peele,2016,137.1088467
9000000,Gracie Films,USA,Kelly Fremon Craig,Comedy,14260193,The Edge of Seventeen,R,11/18/2016,104,7.4,Hailee Steinfeld,59867,Kelly Fremon Craig,2016,158.4465889
5000000,BH Tilt,USA,Greg McLean,Action,10164675,The Belko Experiment,R,3/17/2017,89,6.1,John Gallagher Jr.,23422,James Gunn,2016,203.2935
9000000,Fox Searchlight Pictures,Chile,Pablo Larraín,Biography,13958679,Jackie,R,12/2/2016,100,6.8,Natalie Portman,50652,Noah Oppenheim,2016,155.0964333
250000,Diablo Entertainment (II),USA,J.D. Dillard,Action,3847290,Sleight,R,4/28/2017,89,5.9,Jacob Latimore,4012,J.D. Dillard,2016,1538.916
90000000,Metro-Goldwyn-Mayer (MGM),USA,Antoine Fuqua,Action,93381044,The Magnificent Seven,PG-13,9/23/2016,132,6.9,Denzel Washington,138262,Akira Kurosawa,2016,103.7567156
40000000,BZ Entertainment,USA,Todd Phillips,Comedy,43017433,War Dogs,R,8/19/2016,114,7.1,Jonah Hill,123020,Stephen Chin,2016,107.5435825
50000000,Paramount Pictures,Malta,Michael Bay,Action,52853219,13 Hours,R,1/15/2016,144,7.3,John Krasinski,82656,Chuck Hogan,2016,105.706438
70000000,RatPac-Dune Entertainment,USA,Nicholas Stoller,Animation,72655779,Storks,PG,9/23/2016,87,6.8,Andy Samberg,40740,Nicholas Stoller,2016,103.79397
60000000,Millennium Films,UK,Babak Najafi,Action,62524260,London Has Fallen,R,3/4/2016,99,5.9,Gerard Butler,106352,Creighton Rothenberger,2016,104.2071
3000000,Blackbird,USA,Dan Kwan,Adventure,4208879,Swiss Army Man,R,7/1/2016,97,7,Paul Dano,69827,Daniel Scheinert,2016,140.2959667
5000000,Lifetime Films,Japan,Eleanor Coppola,Comedy,5300675,Paris Can Wait,PG,8/3/2017,92,5.8,Diane Lane,2629,Eleanor Coppola,2016,106.0135
3500000,Warner Bros. Animation,USA,Sam Liu,Animation,3775000,Batman: The Killing Joke,R,7/25/2016,76,6.5,Kevin Conroy,36333,Brian Azzarello,2016,107.8571429
130000,Changing Film Productions,USA,Bank Tangjaitrong,Adventure,13557,Till We Meet Again,NOT RATED,11/25/2016,105,6.9,John Matton,1248,John Matton,2016,10.42846154
5000000,IM Global,USA,Brad Peyton,Horror,4790573,Incarnate,PG-13,12/2/2016,91,5.2,Aaron Eckhart,7778,Ronnie Christensen,2016,95.81146
1500000,Bow and Arrow Entertainment,UK,Rob Zombie,Horror,779820,31,R,9/16/2016,102,5,Malcolm McDowell,11945,Rob Zombie,2016,51.988
6000000,Verdi Productions,USA,Ben Younger,Biography,4847865,Bleed for This,R,11/18/2016,117,6.8,Miles Teller,15158,Ben Younger,2016,80.79775
9000000,Raindog Films,UK,Jeff Nichols,Biography,7696098,Loving,PG-13,11/4/2016,123,7,Ruth Negga,21231,Jeff Nichols,2016,85.5122
7000000,A24,USA,Mike Mills,Comedy,5663855,20th Century Women,R,1/20/2017,119,7.4,Annette Bening,20814,Mike Mills,2016,80.91221429
145000000,China Film Co.,China,Alessandro Carloni,Animation,143528619,Kung Fu Panda 3,PG,1/29/2016,95,7.1,Jack Black,95310,Jonathan Aibel,2016,98.98525448
60000000,Paramount Pictures,China,Edward Zwick,Action,58399160,Jack Reacher: Sin regreso,PG-13,10/21/2016,118,6.1,Tom Cruise,91071,Richard Wenk,2016,97.33193333
29000000,Qwerty Films,UK,Stephen Frears,Biography,27370107,Florence Foster Jenkins,PG-13,8/12/2016,111,6.9,Meryl Streep,35671,Nicholas Martin,2016,94.37967931
3800000,Sycamore Pictures,USA,John Krasinski,Comedy,1016872,The Hollars,PG-13,8/26/2016,88,6.5,Sharlto Copley,7227,Jim Strouse,2016,26.75978947
38000000,Columbia Pictures,USA,J Blakeson,Action,34912982,The 5th Wave,PG-13,1/22/2016,112,5.2,Chloë Grace Moretz,76535,Susannah Grant,2016,91.87626842
10000000,EuropaCorp,France,Farren Blackburn,Drama,6883951,Presencia siniestra,PG-13,11/11/2016,91,4.7,Naomi Watts,7396,Christina Hodson,2016,68.83951
8000000,Scott Free Productions,USA,Luke Scott,Action,3912052,Morgan,R,9/2/2016,92,5.8,Kate Mara,27297,Seth W. Owen,2016,48.90065
35000000,Lakeshore Entertainment,USA,Anna Foerster,Action,30348260,Underworld: Blood Wars,R,1/6/2017,91,5.8,Kate Beckinsale,49911,Cory Goodman,2016,86.70931429
6000000,CG Cinéma,France,Olivier Assayas,Drama,1305195,Personal Shopper,R,3/10/2017,105,6.2,Kristen Stewart,16843,Olivier Assayas,2016,21.75325
36000000,New Line Cinema,USA,David Frankel,Drama,30982955,Collateral Beauty,PG-13,12/16/2016,97,6.8,Will Smith,56439,Allan Loeb,2016,86.06376389
7000000,Space Rocket Nation,Denmark,Nicolas Winding Refn,Horror,1333124,El demonio neón,R,6/24/2016,118,6.2,Elle Fanning,56660,Nicolas Winding Refn,2016,19.04462857
6000000,Human Stew Factory,USA,Ana Lily Amirpour,Drama,177680,The Bad Batch,R,6/23/2017,118,5.4,Suki Waterhouse,8340,Ana Lily Amirpour,2016,2.961333333
10000000,BBC Films,UK,Mick Jackson,Biography,4072226,Denial,PG-13,10/21/2016,109,6.6,Rachel Weisz,10848,David Hare,2016,40.72226
10000000,Dolphin Entertainment,UK,Stewart Hendler,Action,3771397,Max Steel,PG-13,10/14/2016,92,4.6,Ben Winchell,13521,Christopher Yost,2016,37.71397
10000000,Annapurna Pictures,USA,Richard Linklater,Comedy,3369431,Everybody Wants Some!!,R,4/7/2016,117,7,Blake Jenner,39909,Richard Linklater,2016,33.69431
23000000,Hurwitz Creative,UK,Dexter Fletcher,Biography,15785632,Eddie the Eagle,PG-13,2/26/2016,106,7.4,Taron Egerton,60644,Sean Macaulay,2016,68.63318261
8000000,Cinelou Films,USA,Bruce Beresford,Comedy,685143,Mr. Church,PG-13,9/16/2016,104,7.7,Eddie Murphy,18249,Susan McMartin,2016,8.5642875
20000000,Worldview Entertainment,USA,John Hillcoat,Action,12626905,Triple 9,R,2/26/2016,115,6.3,Casey Affleck,51631,Matt Cook,2016,63.134525
20000000,Heyday Films,UK,Derek Cianfrance,Drama,12545979,The Light Between Oceans,PG-13,9/2/2016,133,7.2,Michael Fassbender,32595,Derek Cianfrance,2016,62.729895
25000000,Broadway Video,USA,Jared Hess,Action,17356894,Masterminds,PG-13,9/30/2016,95,5.8,Zach Galifianakis,34656,Chris Bowman,2016,69.427576
8000000,Shooting Script Films,UK,Roger Spottiswoode,Biography,35070,A Street Cat Named Bob,UNRATED,11/18/2016,103,7.4,Luke Treadaway,16636,James Bowen,2016,0.438375
10000000,Film4,UK,Ben Wheatley,Action,1798472,Free Fire,R,4/21/2017,91,6.5,Sharlto Copley,22157,Amy Jump,2016,17.98472
26000000,Broad Green Pictures,USA,Mark Waters,Comedy,17664973,Bad Santa 2,R,11/23/2016,92,5.5,Billy Bob Thornton,13114,Johnny Rosenthal,2016,67.94220385
13000000,Transfilm,France,John Madden,Drama,3439171,Sola contra el poder,R,12/9/2016,132,7.4,Jessica Chastain,28302,Jonathan Perera,2016,26.45516154
110000000,Columbia Pictures,USA,Morten Tyldum,Adventure,100014699,Passengers,PG-13,12/21/2016,116,7,Jennifer Lawrence,237553,Jon Spaihts,2016,90.92245364
14000000,Pathé,Czech Republic,Amma Asante,Biography,3901302,A United Kingdom,PG-13,2/10/2017,111,6.8,David Oyelowo,7236,Guy Hibbert,2016,27.86644286
30000000,EuropaCorp,France,Barry Sonnenfeld,Comedy,19637449,Mi papá es un gato,PG,8/5/2016,87,5.3,Kevin Spacey,14360,Gwyn Lurie,2016,65.45816333
20000000,Apatow Productions,USA,Akiva Schaffer,Comedy,9393835,Popstar: Never Stop Never Stopping,R,6/3/2016,87,6.7,Andy Samberg,35620,Andy Samberg,2016,46.969175
35000000,Miramax,Ireland,Sharon Maguire,Comedy,24252420,El bebé de Bridget Jones,R,9/16/2016,118,6.6,Renée Zellweger,48197,Helen Fielding,2016,69.29262857
22500000,Focus Features,USA,Tom Ford,Crime,10639114,Nocturnal Animals,R,12/9/2016,116,7.5,Amy Adams,152436,Tom Ford,2016,47.28495111
35000000,Broadway Video,USA,Glenn Ficarra,Biography,23049575,Whiskey Tango Foxtrot,R,3/4/2016,112,6.6,Tina Fey,38907,Robert Carlock,2016,65.85592857
60000000,Laika Entertainment,USA,Travis Knight,Animation,48023088,Kubo and the Two Strings,PG,8/19/2016,101,7.8,Charlize Theron,82575,Marc Haimes,2016,80.03848
25000000,FilmNation Entertainment,USA,John Lee Hancock,Biography,12785093,The Founder,PG-13,1/20/2017,100,7.2,Michael Keaton,62193,Robert D. Siegel,2016,51.140372
28000000,George Films,UK,Brad Furman,Biography,15425870,The Infiltrator,R,7/13/2016,127,7,Bryan Cranston,50194,Ellen Sue Brown,2016,55.09239286
15000000,Demarest Films,USA,D.J. Caruso,Drama,2411580,The Disappointments Room,R,9/9/2016,85,3.9,Kate Beckinsale,6287,Wentworth Miller,2016,16.0772
20000000,Black Bear Pictures,USA,Stephen Gaghan,Adventure,7222964,Gold,R,1/27/2017,120,6.7,Matthew McConaughey,32147,Patrick Massett,2016,36.11482
45000000,Bluegrass Films,Hong Kong,Peter Berg,Crime,31886361,Día del atentado,R,1/13/2017,133,7.4,Mark Wahlberg,51563,Peter Berg,2016,70.85858
40000000,Constantin Film,UK,Paul W.S. Anderson,Action,26830068,Resident Evil: The Final Chapter,R,1/27/2017,107,5.6,Milla Jovovich,58140,Paul W.S. Anderson,2016,67.07517
15000000,Cinelou Films,USA,Taylor Hackford,Comedy,1658706,The Comedian,R,2/3/2017,120,5.7,Robert De Niro,3729,Art Linson,2016,11.05804
50000000,Misty Mountains,USA,Shane Black,Comedy,36261763,The Nice Guys,R,5/20/2016,116,7.4,Russell Crowe,193151,Shane Black,2016,72.523526
18000000,Warner Bros.,USA,Jeff Nichols,Drama,3707794,Midnight Special,PG-13,4/21/2016,112,6.7,Michael Shannon,58549,Jeff Nichols,2016,20.59885556
20000000,Fuego Films,Panama,Jonathan Jakubowicz,Action,4711736,Manos de piedra,R,8/26/2016,111,6.6,Edgar Ramírez,10059,Jonathan Jakubowicz,2016,23.55868
144000000,Columbia Pictures,USA,Paul Feig,Action,128344089,Ghostbusters,PG-13,7/15/2016,116,5.3,Melissa McCarthy,157351,Katie Dippold,2016,89.12783958
28000000,Cross Creek Pictures,USA,Burr Steers,Action,10907291,Pride and Prejudice and Zombies,PG-13,2/5/2016,108,5.8,Lily James,37491,Burr Steers,2016,38.95461071
31500000,BenderSpink,USA,Ariel Vromen,Action,14268533,Criminal,R,4/15/2016,113,6.3,Kevin Costner,42478,Douglas Cook,2016,45.29693016
30000000,Quad Productions,France,Eric Summer,Animation,12760985,Leap!,PG,8/25/2017,89,6.8,Elle Fanning,9517,Eric Summer,2016,42.53661667
40000000,Endgame Entertainment,France,Oliver Stone,Biography,21587519,Snowden,R,9/16/2016,134,7.3,Joseph Gordon-Levitt,92094,Kieran Fitzgerald,2016,53.9687975
40000000,Chartoff-Winkler Productions,France,Dennis Gansel,Action,21203260,El especialista: La resurrección,R,8/26/2016,98,5.6,Jason Statham,53849,Lewis John Carlino,2016,53.00815
30000000,FilmNation Entertainment,USA,Woody Allen,Comedy,11103205,Café Society,PG-13,8/5/2016,96,6.7,Jesse Eisenberg,50826,Woody Allen,2016,37.01068333
21500000,42,UK,Eran Creevy,Action,2280004,Collide,PG-13,2/24/2017,99,5.7,Nicholas Hoult,9617,F. Scott Frazier,2016,10.60466977
20000000,StudioCanal,UK,James Watkins,Action,39000,The Take,R,11/18/2016,92,6.3,Idris Elba,23717,Andrew Baldwin,2016,0.195
50000000,Panorama Films,USA,Ben Stiller,Comedy,28848693,Zoolander 2,PG-13,2/12/2016,101,4.7,Ben Stiller,51053,Justin Theroux,2016,57.697386
25000000,New Regency Pictures,USA,Warren Beatty,Comedy,3647836,Rules Don't Apply,PG-13,11/23/2016,127,5.7,Lily Collins,5192,Warren Beatty,2016,14.591344
30000000,Keep Your Head,USA,James Gray,Adventure,8574339,The Lost City of Z,PG-13,4/21/2017,141,6.6,Charlie Hunnam,39409,James Gray,2016,28.58113
178000000,Twentieth Century Fox Film Corporation,USA,Bryan Singer,Action,155442489,X-Men: Apocalypse,PG-13,5/27/2016,144,7,James McAvoy,296415,Simon Kinberg,2016,87.32724101
110000000,Twentieth Century Fox Film Corporation,UK,Tim Burton,Adventure,87242834,Miss Peregrine's Home for Peculiar Children,PG-13,9/30/2016,127,6.7,Eva Green,116495,Ransom Riggs,2016,79.31166727
90000000,K/O Paper Products,France,Jon M. Chu,Action,65075540,Los ilusionistas 2,PG-13,6/10/2016,129,6.5,Jesse Eisenberg,171985,Ed Solomon,2016,72.30615556
40000000,Fox 2000 Pictures,USA,Greg Mottola,Action,14896798,Keeping Up with the Joneses,PG-13,10/21/2016,105,5.8,Zach Galifianakis,39443,Michael LeSieur,2016,37.241995
30000000,X-Filme Creative Pool,UK,Tom Tykwer,Comedy,4198126,A Hologram for the King,R,6/10/2016,98,6.1,Tom Hanks,29436,Dave Eggers,2016,13.99375333
185000000,Paramount Pictures,USA,Justin Lin,Action,158848340,Star Trek Beyond,PG-13,7/22/2016,122,7.1,Chris Pine,179426,Simon Pegg,2016,85.86396757
35000000,Big Talk Productions,UK,Louis Leterrier,Action,6864016,The Brothers Grimsby,R,3/11/2016,83,6.2,Sacha Baron Cohen,67444,Sacha Baron Cohen,2016,19.61147429
50000000,Bluegrass Films,USA,Gary Ross,Action,20758378,Free State of Jones,R,6/24/2016,139,6.9,Matthew McConaughey,34513,Gary Ross,2016,41.516756
40000000,Regency Enterprises,USA,Gore Verbinski,Drama,8106986,A Cure for Wellness,R,2/17/2017,146,6.4,Dane DeHaan,45187,Justin Haythe,2016,20.267465
40000000,Bona Film Group,UK,Ang Lee,Drama,1721524,Billy Lynn's Long Halftime Walk,R,11/18/2016,113,6.3,Joe Alwyn,14631,Ben Fountain,2016,4.30381
46000000,Cappa Defina Productions,USA,Martin Scorsese,Adventure,7079191,Silence,R,1/13/2017,161,7.2,Andrew Garfield,61798,Jay Cocks,2016,15.38954565
43000000,Apaches Entertainment,UK,J.A. Bayona,Drama,3730982,A Monster Calls,PG-13,1/6/2017,108,7.5,Lewis MacDougall,49969,Patrick Ness,2016,8.676702326
75000000,Columbia Pictures,USA,Ron Howard,Action,34343574,Inferno,PG-13,10/28/2016,121,6.2,Tom Hanks,111448,Dan Brown,2016,45.791432
105000000,Blue Sky Studios,USA,Mike Thurmeier,Animation,64063008,Ice Age: Collision Course,PG,7/22/2016,94,5.7,Ray Romano,38556,Michael J. Wilson,2016,61.01238857
110000000,Mandeville Films,USA,Robert Schwentke,Action,66002193,Allegiant,PG-13,3/18/2016,120,5.7,Shailene Woodley,76550,Noah Oppenheim,2016,60.00199364
85000000,GK Films,UK,Robert Zemeckis,Action,40069087,Allied,R,11/23/2016,124,7.1,Brad Pitt,94624,Steven Knight,2016,47.14010235
110000000,Summit Entertainment,Hong Kong,Peter Berg,Action,61284947,Horizonte profundo,PG-13,9/30/2016,107,7.2,Mark Wahlberg,104498,Matthew Michael Carnahan,2016,55.71358818
80000000,Walt Disney Pictures,USA,Craig Gillespie,Action,27550735,The Finest Hours,PG-13,1/29/2016,117,6.8,Chris Pine,47688,Scott Silver,2016,34.43841875
135000000,Paramount Pictures,USA,Dave Green,Action,82051601,Teenage Mutant Ninja Turtles: Out of the Shadows,PG-13,6/3/2016,112,6,Megan Fox,64684,Josh Appelbaum,2016,60.7789637
180000000,Warner Bros. Pictures,UK,David Yates,Action,126643061,The Legend of Tarzan,PG-13,7/1/2016,110,6.3,Alexander Skarsgård,128712,Adam Cozad,2016,70.35725611
165000000,Twentieth Century Fox Film Corporation,USA,Roland Emmerich,Action,103144286,Independence Day: Resurgence,PG-13,6/24/2016,120,5.3,Liam Hemsworth,137119,Nicolas Wright,2016,62.51168848
115000000,Universal Pictures,USA,Cedric Nicolas-Troyan,Action,47952020,The Huntsman: Winter's War,PG-13,4/22/2016,114,6.1,Chris Hemsworth,71570,Evan Spiliotopoulos,2016,41.6974087
125000000,Regency Enterprises,USA,Justin Kurzel,Action,54645723,Assassin's Creed,PG-13,12/21/2016,115,5.9,Michael Fassbender,133338,Michael Lesslie,2016,43.7165784
100000000,LightWorkers Media,USA,Timur Bekmambetov,Action,26384681,Ben-Hur,PG-13,8/19/2016,123,5.7,Jack Huston,31863,Lew Wallace,2016,26.384681
140000000,Walt Disney Pictures,USA,Steven Spielberg,Adventure,55483770,The BFG,PG,7/1/2016,117,6.4,Mark Rylance,56297,Melissa Mathison,2016,39.63126429
125000000,Disruption Entertainment,USA,Chris Wedge,Action,33370166,Monster Trucks,PG,1/13/2017,104,5.7,Lucas Till,9244,Derek Connolly,2016,26.6961328
170000000,Walt Disney Pictures,USA,James Bobin,Adventure,77042381,Alice Through the Looking Glass,PG,5/27/2016,113,6.2,Mia Wasikowska,62895,Linda Woolverton,2016,45.31904765
108000000,Appian Way,USA,Ben Affleck,Action,10377558,Live by Night,R,1/13/2017,129,6.4,Ben Affleck,35064,Ben Affleck,2016,9.60885
150000000,Legendary East,USA,Yimou Zhang,Action,45157105,The Great Wall,PG-13,2/17/2017,103,6,Matt Damon,82181,Carlo Bernard,2016,30.10473667
140000000,Pyramania,USA,Alex Proyas,Action,31153464,Gods of Egypt,PG-13,2/26/2016,127,5.4,Brenton Thwaites,78473,Matt Sazama,2016,22.25247429
160000000,Legendary Entertainment,China,Duncan Jones,Action,47365290,Warcraft: The Beginning,PG-13,6/10/2016,123,6.9,Travis Fimmel,197373,Charles Leavitt,2016,29.60330625
