budget,company,country,director,genre,gross,name,rating,released,runtime,score,star,votes,writer,year,profit
30000000,Icon Productions,USA,Mel Gibson,Drama,370782930,The Passion of the Christ,R,2/25/2004,127,7.2,Jim Caviezel,189031,Benedict Fitzgerald,2004,1235.9431
150000000,DreamWorks,USA,Andrew Adamson,Animation,436471036,Shrek 2,PG,5/19/2004,93,7.2,Mike Myers,342666,William Steig,2004,290.9806907
80000000,Universal Pictures,USA,Jay Roach,Comedy,279261160,Meet the Fockers,PG-13,12/22/2004,115,6.3,Ben Stiller,223589,Greg Glienna,2004,349.07645
200000000,Columbia Pictures Corporation,USA,Sam Raimi,Action,373585825,Spider-Man 2,PG-13,6/30/2004,127,7.3,Tobey Maguire,451467,Stan Lee,2004,186.7929125
92000000,Pixar Animation Studios,USA,Brad Bird,Animation,261441092,The Incredibles,PG,11/5/2004,115,8,Craig T. Nelson,520926,Brad Bird,2004,284.1751
130000000,Warner Bros.,UK,Alfonso Cuarón,Adventure,249358727,Harry Potter and the Prisoner of Azkaban,PG,6/4/2004,142,7.8,Daniel Radcliffe,427343,J.K. Rowling,2004,191.8144054
75000000,Universal Pictures,USA,Paul Greengrass,Action,176241941,The Bourne Supremacy,PG-13,7/23/2004,108,7.8,Matt Damon,379648,Robert Ludlum,2004,234.9892547
10000000,Columbia Pictures,USA,Takashi Shimizu,Horror,110359362,The Grudge,PG-13,10/22/2004,91,5.9,Sarah Michelle Gellar,123089,Stephen Susco,2004,1103.59362
20000000,Twentieth Century Fox Film Corporation,USA,Rawson Marshall Thurber,Comedy,114326736,Dodgeball: A True Underdog Story,PG-13,6/18/2004,92,6.7,Ben Stiller,198343,Rawson Marshall Thurber,2004,571.63368
75000000,DreamWorks Animation,USA,Bibo Bergeron,Animation,160861908,Shark Tale,PG,10/1/2004,90,6,Will Smith,142203,Michael J. Wilson,2004,214.482544
100000000,Walt Disney Pictures,USA,Jon Turteltaub,Action,173008894,National Treasure,PG,11/19/2004,131,6.9,Nicolas Cage,268591,Jim Kouf,2004,173.008894
30000000,Warner Bros.,USA,Clint Eastwood,Drama,100492203,Million Dollar Baby,PG-13,1/28/2005,132,8.1,Hilary Swank,528910,Paul Haggis,2004,334.97401
17000000,Paramount Pictures,USA,Mark Waters,Comedy,86058055,Mean Girls,PG-13,4/30/2004,97,7,Lindsay Lohan,270476,Rosalind Wiseman,2004,506.2238529
125000000,Twentieth Century Fox Film Corporation,USA,Roland Emmerich,Action,186740799,The Day After Tomorrow,PG-13,5/28/2004,124,6.4,Dennis Quaid,356977,Roland Emmerich,2004,149.3926392
12000000,Fox Searchlight Pictures,USA,Alexander Payne,Comedy,71503593,Sideways,R,1/21/2005,126,7.5,Paul Giamatti,158415,Rex Pickett,2004,595.863275
26000000,DreamWorks,USA,Adam McKay,Comedy,85288303,Anchorman: The Legend of Ron Burgundy,PG-13,7/9/2004,94,7.2,Will Ferrell,286238,Will Ferrell,2004,328.0319346
30000000,Paramount Pictures,USA,Stephen Hillenburg,Animation,85417988,The SpongeBob SquarePants Movie,PG,11/19/2004,87,7,Jeffrey Tambor,64107,Stephen Hillenburg,2004,284.7266267
40000000,Walt Disney Pictures,USA,Garry Marshall,Comedy,95170481,The Princess Diaries 2: Royal Engagement,G,8/11/2004,113,5.7,Anne Hathaway,59819,Meg Cabot,2004,237.9262025
1200000,Evolution Entertainment,USA,James Wan,Horror,56000369,Saw,R,10/29/2004,103,7.7,Cary Elwes,322727,Leigh Whannell,2004,4666.697417
60000000,Touchstone Pictures,USA,M. Night Shyamalan,Drama,114197520,The Village,PG-13,7/30/2004,108,6.5,Sigourney Weaver,209350,M. Night Shyamalan,2004,190.3292
29000000,New Line Cinema,USA,Nick Cassavetes,Drama,81001787,The Notebook,PG-13,6/25/2004,123,7.9,Gena Rowlands,430711,Jeremy Leven,2004,279.3165069
6500000,Bob Yari Productions,USA,Paul Haggis,Crime,54580300,Crash,R,5/6/2005,112,7.8,Don Cheadle,379156,Paul Haggis,2004,839.6969231
18000000,Metro-Goldwyn-Mayer (MGM),USA,Kevin Rodney Sullivan,Comedy,65111277,Barbershop 2: Back in Business,PG-13,2/6/2004,106,5.7,Ice Cube,11281,Mark Brown,2004,361.7293167
42000000,Universal Pictures,USA,John Hamburg,Comedy,88097164,Along Came Polly,PG-13,1/16/2004,90,5.9,Ben Stiller,111747,John Hamburg,2004,209.7551524
75000000,Columbia Pictures Corporation,USA,Peter Segal,Comedy,120908074,50 First Dates,PG-13,2/13/2004,99,6.8,Adam Sandler,283647,George Wing,2004,161.2107653
13000000,BenderSpink,USA,Eric Bress,Sci-Fi,57938693,The Butterfly Effect,R,1/23/2004,113,7.7,Ashton Kutcher,387284,J. Mackye Gruber,2004,445.6822538
400000,Fox Searchlight Pictures,USA,Jared Hess,Comedy,44540956,Napoleon Dynamite,PG,8/27/2004,96,6.9,Jon Heder,171007,Jared Hess,2004,11135.239
35000000,Twentieth Century Fox Film Corporation,USA,Peter Hewitt,Animation,75369589,Garfield,PG,6/11/2004,80,5,Breckin Meyer,64907,Jim Davis,2004,215.3416829
19000000,Paramount Pictures,USA,Steven Brill,Adventure,58169327,Without a Paddle,PG-13,8/20/2004,95,5.9,Matthew Lillard,39199,Fred Wolf,2004,306.1543526
28000000,Pop Pop Productions,Canada,Gavin O'Connor,Biography,64378093,Miracle,PG,2/6/2004,135,7.5,Kurt Russell,39178,Eric Guggenheim,2004,229.9217607
30000000,Miramax,USA,Quentin Tarantino,Action,66208183,Kill Bill: Vol. 2,R,4/16/2004,137,8,Uma Thurman,555508,Quentin Tarantino,2004,220.6939433
65000000,Paramount Pictures,USA,Michael Mann,Crime,101005703,Collateral,R,8/6/2004,115,7.6,Tom Cruise,312190,Stuart Beattie,2004,155.3933892
40000000,Universal Pictures,USA,Taylor Hackford,Biography,75331600,Ray,PG-13,10/29/2004,152,7.7,Jamie Foxx,118242,Taylor Hackford,2004,188.329
37000000,Revolution Studios,USA,Keenen Ivory Wayans,Comedy,70831760,White Chicks,PG-13,6/23/2004,109,5.5,Marlon Wayans,107599,Keenen Ivory Wayans,2004,191.4371892
26000000,Strike Entertainment,USA,Zack Snyder,Action,59020957,Dawn of the Dead,R,3/19/2004,101,7.3,Sarah Polley,206262,George A. Romero,2004,227.0036808
8000000,Screen Gems,USA,Chris Stokes,Drama,40066497,You Got Served,PG-13,1/30/2004,95,3.5,Omarion Grandberry,24154,Chris Stokes,2004,500.8312125
20000000,Warner Bros.,USA,Mark Rosman,Comedy,51438175,A Cinderella Story,PG,7/16/2004,95,5.9,Hilary Duff,68595,Leigh Dunlap,2004,257.190875
30000000,Universal Pictures,Germany,Peter Berg,Action,61188085,Juego de viernes por la noche,PG-13,10/8/2004,118,7.3,Billy Bob Thornton,50432,Buzz Bissinger,2004,203.9602833
60000000,Dimension Films,USA,Todd Phillips,Comedy,88237754,Starsky & Hutch,PG-13,3/5/2004,101,6.1,Ben Stiller,125648,William Blinn,2004,147.0629233
25000000,Miramax,USA,Marc Forster,Biography,51680613,Finding Neverland,PG,12/17/2004,106,7.7,Johnny Depp,182038,Allan Knee,2004,206.722452
120000000,Twentieth Century Fox Film Corporation,USA,Alex Proyas,Action,144801023,"I, Robot",PG-13,7/16/2004,115,7.1,Will Smith,423244,Jeff Vintar,2004,120.6675192
42000000,Revolution Studios,USA,Joseph Ruben,Drama,66641205,The Forgotten,PG-13,9/24/2004,91,5.8,Julianne Moore,59556,Gerald Di Pego,2004,158.6695357
2500000,Camelot Pictures,USA,Zach Braff,Comedy,26782316,Garden State,R,8/20/2004,102,7.5,Zach Braff,194118,Zach Braff,2004,1071.29264
26000000,Twentieth Century Fox Film Corporation,USA,Joel Zwick,Comedy,48116322,Fat Albert,PG,12/25/2004,93,4.3,Kenan Thompson,9859,Bill Cosby,2004,185.0627769
60000000,Twentieth Century Fox Film Corporation,USA,Paul W.S. Anderson,Action,80282231,AVP: Alien vs. Predator,PG-13,8/13/2004,101,5.6,Sanaa Lathan,157399,Dan O'Bannon,2004,133.8037183
37000000,Revolution Studios,USA,Gary Winick,Comedy,57231747,13 Going on 30,PG-13,4/23/2004,98,6.1,Jennifer Garner,132486,Josh Goldsmith,2004,154.6803973
55000000,Touchstone Pictures,USA,Jay Russell,Action,74541707,Ladder 49,PG-13,10/1/2004,115,6.5,Joaquin Phoenix,50406,Lewis Colick,2004,135.5303764
26000000,Not specified,USA,Paul Weitz,Comedy,45489752,In Good Company,PG-13,1/14/2005,100,6.5,Dennis Quaid,50314,Paul Weitz,2004,174.9605846
12000000,Fox Searchlight Pictures,USA,Christopher Erskin,Comedy,31179516,Johnson Family Vacation,PG-13,4/7/2004,97,4.4,Cedric the Entertainer,6299,Todd R. Jones,2004,259.8293
165000000,Castle Rock Entertainment,USA,Robert Zemeckis,Animation,183373735,The Polar Express,G,11/10/2004,100,6.6,Tom Hanks,134170,Chris Van Allsburg,2004,111.135597
60000000,DreamWorks,USA,Steven Spielberg,Comedy,77872883,The Terminal,PG-13,6/18/2004,128,7.3,Tom Hanks,330983,Andrew Niccol,2004,129.7881383
110000000,Warner Bros.,USA,Steven Soderbergh,Crime,125544280,Ocean's Twelve,PG-13,12/10/2004,125,6.5,George Clooney,305800,George Nolfi,2004,114.1311636
20000000,Focus Features,USA,Michel Gondry,Drama,34400301,Eternal Sunshine of the Spotless Mind,R,3/19/2004,108,8.3,Jim Carrey,736127,Charlie Kaufman,2004,172.001505
15000000,Walt Disney Pictures,Germany,Sara Sugarman,Comedy,29331068,Confessions of a Teenage Drama Queen,PG,2/20/2004,89,4.6,Lindsay Lohan,24586,Dyan Sheldon,2004,195.5404533
60000000,Revolution Studios,USA,Joe Roth,Comedy,73780539,Christmas with the Kranks,PG,11/24/2004,99,5.2,Tim Allen,30985,John Grisham,2004,122.967565
25000000,Twentieth Century Fox Film Corporation,USA,Tim Story,Action,36611066,Taxi,PG-13,10/6/2004,97,4.4,Queen Latifah,35086,Luc Besson,2004,146.444264
9000000,Endgame Entertainment,USA,Danny Leiner,Adventure,18225165,Harold & Kumar Go to White Castle,R,7/30/2004,88,7.1,John Cho,163200,Jon Hurwitz,2004,202.5018333
40000000,Grand Slam Productions,USA,David Koepp,Mystery,48022900,Secret Window,PG-13,3/12/2004,96,6.6,Johnny Depp,157858,Stephen King,2004,120.05725
70000000,Fox 2000 Pictures,USA,Tony Scott,Action,77911774,Man on Fire,R,4/23/2004,146,7.7,Denzel Washington,285049,A.J. Quinnell,2004,111.3025343
50000000,Miramax,USA,Peter Chelsom,Comedy,57890460,Shall We Dance,PG-13,10/15/2004,106,6.1,Richard Gere,37878,Masayuki Suo,2004,115.78092
25000000,Screen Gems,USA,Dwight H. Little,Action,32238923,Anacondas: The Hunt for the Blood Orchid,PG-13,8/27/2004,97,4.6,Morris Chestnut,23961,Hans Bauer,2004,128.955692
25000000,New Line Cinema,USA,David R. Ellis,Action,32003620,Cellular,PG-13,9/10/2004,94,6.5,Kim Basinger,82822,Larry Cohen,2004,128.01448
27000000,Columbia Pictures,USA,Mike Nichols,Drama,33987757,Closer,R,12/3/2004,104,7.3,Natalie Portman,177735,Patrick Marber,2004,125.8805815
45000000,Davis Films / Impact Pictures,Germany,Alexander Witt,Action,51201453,Resident Evil: Apocalypse,R,9/10/2004,94,6.2,Milla Jovovich,164937,Paul W.S. Anderson,2004,113.7810067
17500000,United Artists,UK,Terry George,Biography,23472900,Hotel Rwanda,PG-13,2/4/2005,121,8.1,Don Cheadle,286561,Keir Pearson,2004,134.1308571
12000000,Rogue Pictures,Romania,Don Mancini,Comedy,17083732,Chucky 5: El Hijo de Chucky,R,11/12/2004,87,4.9,Jennifer Tilly,31029,Don Mancini,2004,142.3644333
35000000,Touchstone Pictures,USA,Ethan Coen,Comedy,39799191,The Ladykillers,R,3/26/2004,104,6.2,Tom Hanks,88680,Joel Coen,2004,113.7119743
80000000,Warner Bros.,USA,Raja Gosnell,Animation,84216833,Scooby-Doo 2: Monsters Unleashed,PG,3/26/2004,93,5,Freddie Prinze Jr.,36847,William Hanna,2004,105.2710413
5000000,United Artists,USA,Brian Dannelly,Comedy,8940582,Saved!,PG-13,6/11/2004,92,6.8,Jena Malone,41580,Brian Dannelly,2004,178.81164
3000000,HBO Films,Colombia,Joshua Marston,Crime,6517198,Maria Full of Grace,R,8/6/2004,101,7.5,Catalina Sandino Moreno,31546,Joshua Marston,2004,217.2399333
2700000,Warner Independent Pictures (WIP),USA,Richard Linklater,Drama,5792822,Before Sunset,R,7/30/2004,80,8,Ethan Hawke,183175,Richard Linklater,2004,214.548963
30000000,Paramount Pictures,USA,Trey Parker,Action,32774834,Team America: World Police,R,10/15/2004,98,7.2,Trey Parker,142880,Trey Parker,2004,109.2494467
33000000,Lions Gate Films,USA,Jonathan Hensleigh,Action,33682273,The Punisher,R,4/16/2004,124,6.5,Thomas Jane,132115,Jonathan Hensleigh,2004,102.0674939
7000,ERBP,USA,Shane Carruth,Drama,424760,Primer,PG-13,5/27/2005,77,6.9,Shane Carruth,81468,Shane Carruth,2004,6068
40000000,Universal Pictures,UK,Beeban Kidron,Comedy,40226215,Bridget Jones: The Edge of Reason,R,11/19/2004,108,5.9,Renée Zellweger,86030,Helen Fielding,2004,100.5655375
5000000,Canal+ España,Spain,Pedro Almodóvar,Crime,5211842,Bad Education,NC-17,2/11/2005,106,7.5,Gael García Bernal,48212,Pedro Almodóvar,2004,104.23684
50000,Ariztical Entertainment,USA,Q. Allan Brocka,Comedy,155212,Eating Out,UNRATED,2/24/2012,90,5.9,Scott Lunsford,5354,Q. Allan Brocka,2004,310.424
500000,Whitewater Films,USA,Jacob Estes,Crime,603951,Mean Creek,R,9/29/2004,90,7.3,Rory Culkin,27763,Jacob Estes,2004,120.7902
20000000,4 Kids Entertainment,Japan,Hatsuki Tsuji,Animation,19762690,Yu-Gi-Oh!: The Movie,PG,8/13/2004,100,4.6,Dan Green,6776,Masahiro Hikokubo,2004,98.81345
7000000,Pathé Pictures International,UK,Gurinder Chadha,Comedy,6601079,Bride & Prejudice,PG-13,3/11/2005,111,6.2,Martin Henderson,18188,Jane Austen,2004,94.30112857
10000000,Metro-Goldwyn-Mayer (MGM),USA,Joe Nussbaum,Comedy,9436390,Sleepover,PG,7/9/2004,89,5.3,Alexa PenaVega,13433,Elisa Bell,2004,94.3639
1000000,Kim Ki-Duk Film,South Korea,Ki-duk Kim,Crime,238507,3-Iron,R,4/7/2006,88,8.1,Seung-yeon Lee,41640,Ki-duk Kim,2004,23.8507
11000000,Fox Searchlight Pictures,USA,Bill Condon,Biography,10214647,Kinsey,R,1/7/2005,118,7.1,Liam Neeson,44032,Bill Condon,2004,92.86042727
3000000,Front Street Pictures,USA,John Curran,Drama,2037545,We Don't Live Here Anymore,R,9/3/2004,101,6.3,Mark Ruffalo,8531,Andre Dubus,2004,67.91816667
18000000,Fox 2000 Pictures,USA,Bart Freundlich,Adventure,16702864,Catch That Kid,PG,2/6/2004,91,5.2,Kristen Stewart,8514,Nikolaj Arcel,2004,92.79368889
16000000,Metro-Goldwyn-Mayer (MGM),USA,Jessy Terrero,Comedy,13922211,Soul Plane,R,5/28/2004,86,4.4,Dwayne Adway,19204,Bo Zenga,2004,87.01381875
4200000,Bazelevs Production,Russia,Timur Bekmambetov,Action,1487477,Night Watch,R,3/3/2006,114,6.5,Konstantin Khabenskiy,48808,Timur Bekmambetov,2004,35.41611905
26000000,Dylan Sellers Productions,USA,Kevin Allen,Action,23222861,Agent Cody Banks 2: Destination London,PG,3/12/2004,100,4.5,Frankie Muniz,12029,Jeffrey Jurgensen,2004,89.31869615
20000000,Columbia Pictures Film Production Asia,Hong Kong,Stephen Chow,Action,17108591,Kung Fu Hustle,R,4/22/2005,99,7.8,Stephen Chow,106883,Stephen Chow,2004,85.542955
3500000,Screen Gems,USA,Angela Robinson,Action,96793,D.E.B.S.,PG-13,3/25/2005,91,5.3,Sara Foster,12868,Angela Robinson,2004,2.765514286
8600000,Broken Lizard Industries,USA,Jay Chandrasekhar,Comedy,4992159,Club Dread,R,2/27/2004,104,5.7,Jay Chandrasekhar,24974,Jay Chandrasekhar,2004,58.04836047
5000000,Filmax Group,Spain,Brad Anderson,Drama,1082715,The Machinist,R,12/3/2004,101,7.7,Christian Bale,304458,Scott Kosar,2004,21.6543
7000000,Yash Raj Films,India,Yash Chopra,Drama,2921738,Veer-Zaara,NOT RATED,11/12/2004,192,7.9,Shah Rukh Khan,39916,Aditya Chopra,2004,41.73911429
15000000,New Line Cinema,USA,Sean McNamara,Family,10411980,Raise Your Voice,PG,10/8/2004,100,5.9,Hilary Duff,23974,Mitch Rotter,2004,69.4132
5000000,Motion Picture Corporation of America (MPCA),USA,Mick Garris,Horror,101107,Riding the Bullet,R,2/3/2005,100,5.2,Jonathan Jackson,7968,Mick Garris,2004,2.02214
6500000,Hart-Sharp Entertainment,USA,Michael Mayer,Drama,1029872,A Home at the End of the World,R,10/14/2004,97,6.8,Colin Farrell,12420,Michael Cunningham,2004,15.84418462
6000000,Bob Yari Productions,USA,David Duchovny,Comedy,371081,House of D,PG-13,4/29/2005,96,7,David Duchovny,7919,David Duchovny,2004,6.184683333
66000000,Revolution Studios,USA,Guillermo del Toro,Action,59623958,Hellboy,PG-13,4/2/2004,122,6.8,Ron Perlman,261530,Guillermo del Toro,2004,90.3393303
6500000,Eulogy Productions LLC,USA,Michael Clancy,Comedy,70527,Eulogy,R,9/26/2004,91,6.7,Ray Romano,7932,Michael Clancy,2004,1.085030769
20000000,Metro-Goldwyn-Mayer (MGM),UK,Irwin Winkler,Biography,13337299,De-Lovely,PG-13,8/6/2004,125,6.6,Kevin Kline,10018,Jay Cocks,2004,66.686495
23000000,Focus Features,USA,Mira Nair,Drama,16136476,Vanity Fair,PG-13,9/1/2004,141,6.2,Reese Witherspoon,18147,Matthew Faulk,2004,70.1585913
24000000,DreamWorks,USA,Robert Luketic,Comedy,17071962,Win a Date with Tad Hamilton!,PG-13,1/23/2004,100,5.6,Kate Bosworth,23925,Victor Levin,2004,71.133175
11000000,Les Films Alain Sarde,UK,Mike Leigh,Crime,3753806,Vera Drake,R,2/4/2005,125,7.7,Imelda Staunton,21213,Mike Leigh,2004,34.12550909
25000000,DreamWorks,USA,Jeff Schaffer,Comedy,17718223,EuroTrip,R,2/20/2004,93,6.6,Scott Mechlowicz,171296,Alec Berg,2004,70.872892
110000000,Forward Pass,Germany,Martin Scorsese,Biography,102608827,El aviador,PG-13,12/25/2004,170,7.5,Leonardo DiCaprio,284387,John Logan,2004,93.28075182
8000000,40 Acres & A Mule Filmworks,USA,Spike Lee,Comedy,365134,She Hate Me,R,7/30/2004,138,5.3,Anthony Mackie,6600,Michael Genet,2004,4.564175
50000000,Morgan Creek Productions,USA,Renny Harlin,Horror,41821986,Exorcist: The Beginning,R,8/20/2004,114,5.1,Stellan Skarsgård,29891,William Peter Blatty,2004,83.643972
30000000,Touchstone Pictures,USA,Charles Stone III,Comedy,21800302,Mr 3000,PG-13,9/17/2004,104,5.5,Bernie Mac,12740,Eric Champnella,2004,72.66767333
22000000,Fox Searchlight Pictures,USA,David O. Russell,Comedy,12784713,I Heart Huckabees,R,10/22/2004,107,6.7,Jason Schwartzman,58556,David O. Russell,2004,58.11233182
35000000,Miramax,USA,Kevin Smith,Comedy,25266129,Jersey Girl,PG-13,3/26/2004,102,6.2,Ben Affleck,57178,Kevin Smith,2004,72.18894
56000000,Metro-Goldwyn-Mayer (MGM),USA,Kevin Bray,Action,45860039,Walking Tall,PG-13,4/2/2004,86,6.2,Dwayne Johnson,57133,Mort Briskin,2004,81.89292679
28000000,Deep River Productions,Ireland,Peter Howitt,Comedy,17848322,Las leyes de atracción,PG-13,4/30/2004,90,5.9,Pierce Brosnan,19776,Aline Brosh McKenna,2004,63.74400714
18000000,Serendipity Point Films,Canada,István Szabó,Comedy,7739049,"Julia, una mujer seductora",R,2/18/2005,104,7,Annette Bening,11052,W. Somerset Maugham,2004,42.99471667
25000000,Regency Enterprises,USA,Luke Greenfield,Comedy,14589444,The Girl Next Door,R,4/9/2004,108,6.8,Emile Hirsch,180214,David Wagner,2004,58.357776
25000000,Lions Gate Films,Canada,Nick Hamm,Drama,14379751,Godsend,PG-13,4/30/2004,102,4.8,Robert De Niro,23154,Mark Bomback,2004,57.519004
23000000,Alcon Entertainment,USA,Andy Cadiff,Comedy,12189514,Chasing Liberty,PG-13,1/9/2004,101,6.1,Mandy Moore,31901,Derek Guiley,2004,52.99788696
25000000,Lions Gate Films,USA,Guy Ferland,Drama,14161590,Dirty Dancing: Havana Nights,PG-13,2/27/2004,86,6,Diego Luna,23521,Kate Gunzinger,2004,56.64636
20000000,ApolloMedia Distribution,Germany,Bob Clark,Comedy,9109322,Superbabies: Baby Geniuses 2,PG,8/27/2004,88,2,Jon Voight,26818,Steven Paul,2004,45.54661
26000000,Twentieth Century Fox Film Corporation,USA,Donald Petrie,Comedy,14469428,Welcome to Mooseport,PG-13,2/20/2004,110,5.2,Gene Hackman,11058,Doug Richardson,2004,55.65164615
12000000,Jet Tone Films,Hong Kong,Kar-Wai Wong,Drama,261481,2046,R,9/29/2004,129,7.5,Tony Chiu-Wai Leung,44039,Kar-Wai Wong,2004,2.179008333
12000000,Lucky 7 Productions LLC,UK,Mick Davis,Biography,195378,Modigliani,R,9/29/2004,128,7.4,Andy Garcia,9098,Mick Davis,2004,1.62815
20000000,Universal Pictures,USA,Michael Lembeck,Comedy,8054280,Connie and Carla,PG-13,4/16/2004,108,6.3,Nia Vardalos,7171,Nia Vardalos,2004,40.2714
35000000,Miramax,USA,Tommy O'Haver,Comedy,22918387,Ella Enchanted,PG,4/9/2004,96,6.3,Anne Hathaway,51752,Laurie Craig,2004,65.48110571
45000000,Warner Bros.,USA,D.J. Caruso,Crime,32682342,Taking Lives,R,3/19/2004,103,6.2,Angelina Jolie,69195,Michael Pye,2004,72.62742667
50000000,Touchstone Pictures,USA,Garry Marshall,Comedy,37486138,Raising Helen,PG-13,5/28/2004,119,6,Kate Hudson,32370,Patrick J. Clifton,2004,74.972276
65000000,New Line Cinema,USA,David S. Goyer,Action,52411906,Blade: Trinity,R,12/8/2004,113,5.9,Wesley Snipes,143476,David S. Goyer,2004,80.63370154
15000000,Fine Line Features,USA,John Waters,Comedy,1339668,A Dirty Shame,NC-17,9/24/2004,89,5.1,Tracey Ullman,11124,John Waters,2004,8.93112
31000000,Universal Pictures,UK,Richard Loncraine,Comedy,17001133,Wimbledon,PG-13,9/17/2004,98,6.3,Kirsten Dunst,54188,Adam Brooks,2004,54.84236452
80000000,Paramount Pictures,USA,Jonathan Demme,Drama,65955630,The Manchurian Candidate,R,7/30/2004,129,6.6,Denzel Washington,91522,Richard Condon,2004,82.4445375
18000000,Movision,USA,Michael Radford,Drama,3765585,The Merchant of Venice,R,2/18/2005,131,7.1,Al Pacino,31158,William Shakespeare,2004,20.91991667
35000000,Revolution Studios,USA,Nick Hurran,Comedy,20422207,Little Black Book,PG-13,8/6/2004,111,5.3,Brittany Murphy,15844,Melissa Carter,2004,58.34916286
19250000,Franchise Pictures,Germany,David Mamet,Action,4434432,Spartan,R,3/12/2004,102,6.6,Val Kilmer,27340,David Mamet,2004,23.03601039
20000000,New Line Cinema,UK,Jonathan Glazer,Drama,5005883,Birth,R,10/29/2004,100,6.1,Nicole Kidman,31210,Jean-Claude Carrière,2004,25.029415
30000000,Warner Bros.,USA,Dennie Gordon,Comedy,14018364,New York Minute,PG,5/7/2004,100,4.9,Mary-Kate Olsen,18830,Emily Fox,2004,46.72788
23000000,Lions Gate Films,UK,Kevin Spacey,Biography,6318709,Beyond the Sea,PG-13,12/29/2004,118,6.7,Kevin Spacey,13453,Kevin Spacey,2004,27.47264783
30000000,Metro-Goldwyn-Mayer (MGM),USA,Paul McGuigan,Drama,12831121,Wicker Park,PG-13,9/3/2004,114,7,Josh Hartnett,47335,Gilles Mimouni,2004,42.77040333
27000000,Paramount Pictures,UK,E. Elias Merhige,Crime,8725813,Suspect Zero,R,8/27/2004,100,5.9,Aaron Eckhart,17171,Zak Penn,2004,32.31782593
70000000,Warner Bros.,UK,Joel Schumacher,Drama,51268815,The Phantom of the Opera,PG-13,12/22/2004,143,7.3,Gerard Butler,102339,Gaston Leroux,2004,73.24116429
40000000,Warner Bros.,USA,Joseph Kahn,Action,21215059,Torque,PG-13,1/16/2004,84,4,Martin Henderson,24682,Matt Johnson,2004,53.0376475
24000000,Buena Vista Home Entertainment,Japan,Hayao Miyazaki,Animation,4711096,Howl's Moving Castle,PG,6/17/2005,119,8.2,Chieko Baishô,242412,Hayao Miyazaki,2004,19.62956667
30000000,Regency Enterprises,USA,Forest Whitaker,Comedy,9055010,First Daughter,PG,9/24/2004,100,5,Katie Holmes,18324,Jessica Bendinger,2004,30.18336667
140000000,Paramount Pictures,USA,Brad Silberling,Adventure,118627117,A Series of Unfortunate Events,PG,12/17/2004,108,6.8,Jim Carrey,172422,Robert Gordon,2004,84.733655
27000000,Dimension Films,Netherlands,Renny Harlin,Crime,4480744,La isla maldita,R,5/13/2005,106,6.4,Val Kilmer,51913,Wayne Kramer,2004,16.59534815
40000000,Nine Yards Two Productions,USA,Howard Deutch,Comedy,16323969,The Whole Ten Yards,PG-13,4/9/2004,98,5.5,Bruce Willis,48262,Mitchell Kapner,2004,40.8099225
45000000,Twentieth Century Fox Film Corporation,USA,John Moore,Action,21009180,Flight of the Phoenix,PG-13,12/17/2004,113,6.1,Dennis Quaid,47448,Lukas Heller,2004,46.68706667
50000000,Paramount Pictures,Germany,Philip Kaufman,Crime,25195050,Twisted,R,2/27/2004,97,5.2,Ashley Judd,18006,Sarah Thorp,2004,50.3901
50000000,Touchstone Pictures,USA,Wes Anderson,Adventure,24006726,The Life Aquatic with Steve Zissou,R,12/25/2004,119,7.3,Bill Murray,151463,Wes Anderson,2004,48.013452
40000000,DreamWorks,USA,Barry Levinson,Comedy,12181484,Envy,PG-13,4/30/2004,99,4.8,Ben Stiller,27466,Steve Adams,2004,30.45371
40000000,Paramount Pictures,USA,Brian Robbins,Comedy,10387706,The Perfect Score,PG-13,1/30/2004,93,5.7,Scarlett Johansson,20826,Marc Hyman,2004,25.969265
58000000,New Line Cinema,USA,Brett Ratner,Action,28328132,After the Sunset,PG-13,11/12/2004,97,6.3,Pierce Brosnan,40092,Paul Zbyszewski,2004,48.8416069
90000000,Paramount Pictures,USA,Frank Oz,Comedy,59484742,The Stepford Wives,PG-13,6/11/2004,93,5.2,Nicole Kidman,52194,Ira Levin,2004,66.09415778
70000000,Paramount Pictures,USA,Kerry Conran,Action,37760080,Sky Captain and the World of Tomorrow,PG,9/17/2004,106,6.1,Gwyneth Paltrow,75399,Kerry Conran,2004,53.94297143
100000000,Touchstone Pictures,USA,Joe Johnston,Action,67286731,Hidalgo,PG-13,3/5/2004,136,6.7,Viggo Mortensen,70672,John Fusco,2004,67.286731
45000000,DreamWorks,USA,Mike Mitchell,Comedy,11663156,Surviving Christmas,PG-13,10/22/2004,91,5.3,Ben Affleck,18771,Deborah Kaplan,2004,25.91812444
80000000,Columbia Pictures Corporation,USA,James L. Brooks,Comedy,42044321,Spanglish,PG-13,12/17/2004,131,6.4,Adam Sandler,69272,James L. Brooks,2004,52.55540125
160000000,Universal Pictures,USA,Stephen Sommers,Action,120177084,Van Helsing,PG-13,5/7/2004,131,6,Hugh Jackman,211483,Stephen Sommers,2004,75.1106775
47000000,2003 Productions,France,Jean-Pierre Jeunet,Drama,6167817,A Very Long Engagement,R,1/14/2005,133,7.7,Audrey Tautou,65330,Sébastien Japrisot,2004,13.12301489
175000000,Warner Bros.,USA,Wolfgang Petersen,Drama,133378256,Troy,R,5/14/2004,163,7.2,Brad Pitt,414038,Homer,2004,76.21614629
50000000,Shangri-La Entertainment,USA,George Armitage,Comedy,6471394,The Big Bounce,PG-13,1/30/2004,88,4.9,Owen Wilson,16502,Elmore Leonard,2004,12.942788
60000000,Paramount Pictures,UK,Charles Shyer,Comedy,13399812,Alfie,R,11/5/2004,103,6.2,Jude Law,45684,Bill Naughton,2004,22.33302
105000000,Universal Pictures,USA,David Twohy,Action,57761012,The Chronicles of Riddick,PG-13,6/11/2004,119,6.7,Vin Diesel,193580,Jim Wheat,2004,55.01048762
57000000,Working Title Films,UK,Jonathan Frakes,Action,6768055,Thunderbirds,PG,7/30/2004,95,4.2,Bill Paxton,11740,Gerry Anderson,2004,11.8737807
100000000,Warner Bros.,USA,Pitof,Action,40202379,Catwoman,PG-13,7/23/2004,104,3.3,Halle Berry,93348,Bob Kane,2004,40.202379
110000000,Walt Disney Pictures,USA,Will Finn,Animation,50030461,Home on the Range,PG,4/2/2004,76,5.4,Judi Dench,15266,Will Finn,2004,45.48223727
120000000,Touchstone Pictures,USA,Antoine Fuqua,Action,51882244,King Arthur,PG-13,7/7/2004,126,6.3,Clive Owen,144158,David Franzoni,2004,43.23520333
107000000,Touchstone Pictures,USA,John Lee Hancock,Drama,22414961,The Alamo,PG-13,4/9/2004,137,6,Dennis Quaid,17664,Leslie Bohem,2004,20.94856168
110000000,Walden Media,USA,Frank Coraci,Action,24008137,Around the World in 80 Days,PG,6/16/2004,120,5.8,Jackie Chan,73536,Jules Verne,2004,21.82557909
155000000,Warner Bros.,Germany,Oliver Stone,Action,34297191,Alexander,R,11/24/2004,175,5.5,Colin Farrell,146107,Oliver Stone,2004,22.12722
