budget,company,country,director,genre,gross,name,rating,released,runtime,score,star,votes,writer,year,profit
30000000,Pixar Animation Studios,USA,John Lasseter,Animation,191796233,Toy Story,G,11/22/1995,81,8.3,Tom Hanks,694113,John Lasseter,1995,639.3207767
52000000,Universal Pictures,USA,Ron Howard,Adventure,173837933,Apollo 13,PG,6/30/1995,140,7.6,Tom Hanks,224635,Jim Lovell,1995,334.3037173
55000000,Walt Disney Pictures,USA,Mike Gabriel,Animation,141600000,Pocahontas,G,6/23/1995,81,6.7,Mel Gibson,133708,Carl Binder,1995,257.4545455
100000000,Warner Bros.,USA,Joel Schumacher,Action,184031112,Batman Forever,PG-13,6/16/1995,121,5.4,Val Kilmer,203965,Bob Kane,1995,184.031112
30000000,Morgan Creek Productions,USA,Steve Oedekerk,Adventure,108385533,Ace Ventura: When Nature Calls,PG-13,11/10/1995,90,6.3,Jim Carrey,172305,Jack Bernstein,1995,361.28511
33000000,Cecchi Gori Pictures,USA,David Fincher,Crime,100125643,Se7en,R,9/22/1995,127,8.6,Morgan Freeman,1134655,Andrew Kevin Walker,1995,303.4110394
17000000,Hollywood Pictures,USA,Jon Turteltaub,Comedy,81057016,While You Were Sleeping,PG,4/21/1995,103,6.7,Sandra Bullock,76882,Daniel G. Sullivan,1995,476.8059765
23000000,Hollywood Pictures,USA,John N. Smith,Biography,84919401,Dangerous Minds,R,8/11/1995,99,6.4,Michelle Pfeiffer,40880,LouAnne Johnson,1995,369.214787
23000000,Hollywood Pictures,USA,Stephen Herek,Drama,82569971,Mr. Holland's Opus,PG,1/19/1996,143,7.3,Richard Dreyfuss,31602,Patrick Sheane Duncan,1995,358.9998739
18000000,New Line Cinema,USA,Paul W.S. Anderson,Action,70454098,Mortal Kombat,PG-13,8/18/1995,101,5.8,Christopher Lambert,87007,Ed Boon,1995,391.4116556
16000000,Twentieth Century Fox Film Corporation,USA,Forest Whitaker,Comedy,67052156,Waiting to Exhale,R,12/22/1995,124,5.7,Whitney Houston,7977,Terry McMillan,1995,419.075975
50000000,TriStar Pictures,USA,Joe Johnston,Action,100475249,Jumanji,PG,12/15/1995,104,6.9,Robin Williams,232339,Jonathan Hensleigh,1995,200.950498
50000000,Universal Pictures,USA,Brad Silberling,Comedy,100328194,Casper,PG,5/26/1995,100,6,Bill Pullman,94596,Joseph Oriolo,1995,200.656388
24000000,Warner Bros.,USA,Clint Eastwood,Drama,71516617,The Bridges of Madison County,PG-13,6/2/1995,135,7.6,Clint Eastwood,58975,Richard LaGravenese,1995,297.9859042
19000000,Don Simpson/Jerry Bruckheimer Films,USA,Michael Bay,Action,65807024,Bad Boys,R,4/7/1995,119,6.8,Will Smith,186965,George Gallo,1995,346.3527579
60000000,Eon Productions,UK,Martin Campbell,Action,106600000,GoldenEye,PG-13,11/17/1995,130,7.2,Pierce Brosnan,209588,Ian Fleming,1995,177.6666667
30000000,Sandollar Productions,USA,Charles Shyer,Comedy,76594000,Father of the Bride Part II,PG,12/8/1995,106,5.9,Steve Martin,28658,Albert Hackett,1995,255.3133333
25000000,Lancaster Gate,USA,Howard Deutch,Comedy,69870000,Grumpier Old Men,PG-13,12/22/1995,101,6.6,Walter Matthau,20718,Mark Steven Johnson,1995,279.48
12000000,Paramount Pictures,USA,Amy Heckerling,Comedy,56631572,Clueless,PG-13,7/19/1995,97,6.8,Alicia Silverstone,136975,Amy Heckerling,1995,471.9297667
30250000,Metro-Goldwyn-Mayer (MGM),USA,Barry Sonnenfeld,Comedy,72077000,Get Shorty,R,10/20/1995,105,6.9,Gene Hackman,66364,Elmore Leonard,1995,238.2710744
53000000,Hollywood Pictures,USA,Tony Scott,Action,91400000,Crimson Tide,R,5/12/1995,116,7.3,Gene Hackman,86579,Michael Schiffer,1995,172.4528302
30000000,Universal Pictures,Australia,Chris Noonan,Comedy,66600000,"Babe, el puerquito valiente",G,8/4/1995,91,6.8,James Cromwell,100541,Dick King-Smith,1995,222
12000000,Paramount Pictures,USA,Betty Thomas,Comedy,46576136,The Brady Bunch Movie,PG-13,2/17/1995,90,5.9,Shelley Long,18224,Sherwood Schwartz,1995,388.1344667
50000000,Paramount Pictures,USA,Frank Marshall,Action,81022101,Congo,PG-13,6/9/1995,109,5.1,Laura Linney,36705,Michael Crichton,1995,162.044202
20000000,Twentieth Century Fox Film Corporation,USA,Alfonso Arau,Drama,50012507,A Walk in the Clouds,PG-13,8/11/1995,102,6.7,Keanu Reeves,26520,Robert Mark Kamen,1995,250.062535
22000000,Columbia Pictures Corporation,USA,Irwin Winkler,Action,50727965,The Net,PG-13,7/28/1995,114,5.9,Sandra Bullock,51864,John Brancato,1995,230.5816591
11000000,Havoc,UK,Tim Robbins,Crime,39387284,Dead Man Walking,R,2/2/1996,122,7.6,Susan Sarandon,77349,Helen Prejean,1995,358.0662182
3600000,Lumiere Pictures,France,Mike Figgis,Drama,31968347,Adiós a Las Vegas,R,2/9/1996,111,7.6,Nicolas Cage,99239,John O'Brien,1995,888.0096389
29000001,Universal Pictures,USA,Terry Gilliam,Mystery,57141459,Twelve Monkeys,R,1/5/1996,129,8,Bruce Willis,500403,Chris Marker,1995,197.039507
16000000,Columbia Pictures Corporation,USA,Ang Lee,Drama,43182776,Sense and Sensibility,PG,1/26/1996,136,7.7,Emma Thompson,84237,Jane Austen,1995,269.89235
35000000,Metro-Goldwyn-Mayer (MGM),USA,Roger Donaldson,Action,60074103,Species,R,7/7/1995,108,5.8,Natasha Henstridge,64667,Dennis Feldman,1995,171.6402943
7500000,Golden Harvest Company,Hong Kong,Stanley Tong,Action,32392047,Rumble in the Bronx,R,2/23/1996,104,6.7,Jackie Chan,32513,Edward Tang,1995,431.89396
3500000,New Line Cinema,USA,F. Gary Gray,Comedy,27467564,Friday,R,4/26/1995,91,7.3,Ice Cube,82224,Ice Cube,1995,784.7875429
15000000,Twentieth Century Fox Film Corporation,USA,Bryan Spicer,Action,37804616,Mighty Morphin Power Rangers: The Movie,PG,6/30/1995,95,5.1,Karan Ashley,21647,John Kamps,1995,252.0307733
9500000,Caravan Pictures,USA,Victor Salva,Drama,30862146,Powder,PG-13,10/27/1995,111,6.6,Mary Steenburgen,25582,Victor Salva,1995,324.8646947
7000000,Columbia Pictures Corporation,USA,Robert Rodriguez,Action,25625110,Desperado,R,8/25/1995,104,7.2,Antonio Banderas,147918,Robert Rodriguez,1995,366.073
50000000,Warner Bros.,USA,Wolfgang Petersen,Action,67823573,Outbreak,R,3/10/1995,127,6.6,Dustin Hoffman,95549,Laurence Dworet,1995,135.647146
6000000,PolyGram Filmed Entertainment,USA,Bryan Singer,Crime,23341568,The Usual Suspects,R,9/15/1995,106,8.6,Kevin Spacey,814470,Christopher McQuarrie,1995,389.0261333
10500000,Hollywood Pictures,USA,Randall Miller,Comedy,26325256,Houseguest,PG,1/6/1995,113,5.9,Sinbad,4716,Michael J. Di Gaetano,1995,250.7167238
10000000,Universal Pictures,USA,Tamra Davis,Comedy,25588750,Billy Madison,PG-13,2/10/1995,89,6.4,Adam Sandler,112423,Tim Herlihy,1995,255.8875
10000000,Caravan Pictures,USA,Albert Hughes,Action,24200000,Dead Presidents,R,10/6/1995,119,6.8,Larenz Tate,16395,Allen Hughes,1995,242
10000000,Universal Pictures,USA,Jocelyn Moorhouse,Comedy,23574130,How to Make an American Quilt,PG-13,10/6/1995,117,6.2,Winona Ryder,9152,Whitney Otto,1995,235.7413
20000000,Regency Enterprises,USA,Jon Amiel,Drama,32051917,Copycat,R,10/27/1995,123,6.6,Sigourney Weaver,45066,Ann Biderman,1995,160.259585
25000,Brothers McMullen Productions,USA,Edward Burns,Comedy,10246600,The Brothers McMullen,R,8/9/1995,98,6.6,Jack Mulcahy,6598,Edward Burns,1995,40986.4
5000000,Halloween VI Productions,USA,Joe Chappelle,Horror,15116634,Halloween: The Curse of Michael Myers,R,9/29/1995,87,5,Donald Pleasence,22890,Debra Hill,1995,302.33268
90000000,Cinergi Pictures Entertainment,USA,John McTiernan,Action,100012499,Die Hard with a Vengeance,R,5/19/1995,128,7.6,Bruce Willis,317792,Jonathan Hensleigh,1995,111.1249989
8000000,First Look International,USA,Gregory Widen,Action,16115878,The Prophecy,R,9/1/1995,98,6.6,Christopher Walken,25657,Gregory Widen,1995,201.448475
13000000,Tales From The Crypt Holdings,USA,Ernest R. Dickerson,Action,21088568,Tales from the Crypt: Demon Knight,R,1/13/1995,92,6.7,Billy Zane,17728,Ethan Reiff,1995,162.2197538
60000000,Warner Bros.,USA,Michael Mann,Action,67436818,Heat,R,12/15/1995,170,8.2,Al Pacino,470080,Michael Mann,1995,112.3946967
1500000,Guys Upstairs,USA,Larry Clark,Drama,7417210,Kids,UNRATED,9/1/1995,91,7,Leo Fitzpatrick,63097,Harmony Korine,1995,494.4806667
6000000,40 Acres & A Mule Filmworks,USA,Rusty Cundieff,Crime,11797927,Tales from the Hood,R,5/24/1995,98,6.2,Clarence Williams III,5082,Rusty Cundieff,1995,196.6321167
12000000,Caravan Pictures,USA,Holly Goldberg Sloan,Comedy,17725500,The Big Green,PG,9/29/1995,100,5.5,Steve Guttenberg,7500,Holly Goldberg Sloan,1995,147.7125
5500000,American Playhouse,USA,Gregory Nava,Drama,11079373,My Family,R,5/3/1995,128,7.3,Jimmy Smits,3222,Gregory Nava,1995,201.4431455
800000,Suburban Pictures,USA,Todd Solondz,Comedy,4771000,Welcome to the Dollhouse,R,5/24/1996,88,7.4,Heather Matarazzo,28073,Todd Solondz,1995,596.375
28000000,United Artists,USA,Michael Caton-Jones,Adventure,31600000,Rob Roy,R,4/14/1995,139,6.9,Liam Neeson,36234,Alan Sharp,1995,112.8571429
72000000,Icon Entertainment International,USA,Mel Gibson,Biography,75600000,Braveheart,R,5/24/1995,178,8.4,Mel Gibson,807256,Randall Wallace,1995,105
6500000,Beacon Communications,USA,Melanie Mayron,Comedy,9685976,The Baby-Sitters Club,PG,8/18/1995,94,5.7,Schuyler Fisk,4594,Ann M. Martin,1995,149.0150154
2500000,Castle Rock Entertainment,USA,Richard Linklater,Drama,5535405,Before Sunrise,R,1/27/1995,101,8.1,Ethan Hawke,207167,Richard Linklater,1995,221.4162
62000000,Universal Pictures,USA,Rob Reiner,Comedy,65000000,The American President,PG-13,11/17/1995,114,6.8,Michael Douglas,45293,Aaron Sorkin,1995,104.8387097
21000000,Alcor Films,USA,Herbert Ross,Comedy,23450000,Boys on the Side,R,2/3/1995,115,6.4,Whoopi Goldberg,10182,Don Roos,1995,111.6666667
250000,Fine Line Features,USA,Maria Maggenti,Comedy,1977544,The Incredibly True Adventure of Two Girls in Love,R,6/16/1995,94,6.5,Laurel Holloman,3759,Maria Maggenti,1995,791.0176
7000000,Miramax,Germany,Wayne Wang,Comedy,8349430,Smoke,R,6/9/1995,112,7.4,Harvey Keitel,29466,Paul Auster,1995,119.2775714
12000000,Seraphim Films,USA,Clive Barker,Horror,13293081,Lord of Illusions,R,8/25/1995,109,6,Scott Bakula,11887,Clive Barker,1995,110.775675
20000000,Columbia Pictures Corporation,USA,Gus Van Sant,Comedy,21284514,To Die For,R,10/6/1995,106,6.8,Nicole Kidman,36974,Joyce Maynard,1995,106.42257
500000,JDI Productions,USA,Tom DiCillo,Comedy,1148752,Living in Oblivion,R,7/21/1995,90,7.6,Steve Buscemi,13615,Tom DiCillo,1995,229.7504
6400000,TriStar Pictures,USA,Peter Hall,Crime,6849998,Never Talk to Strangers,R,10/20/1995,86,5.1,Rebecca De Mornay,5483,Lewis A. Green,1995,107.0312188
150000,Ferdos Films,Iran,Jafar Panahi,Drama,474047,The White Balloon,UNRATED,11/27/1995,85,7.8,Aida Mohammadkhani,5258,Abbas Kiarostami,1995,316.0313333
150000,Party Productions,USA,Daisy von Scherler Mayer,Comedy,472370,Party Girl,R,6/9/1995,94,6.6,Parker Posey,3784,Harry Birckmayer,1995,314.9133333
4000000,Miramax,USA,Allison Anders,Comedy,4301331,Four Rooms,R,12/25/1995,98,6.7,Tim Roth,83723,Allison Anders,1995,107.533275
20000000,Eddie Murphy Productions,USA,Wes Craven,Comedy,19751736,Vampire in Brooklyn,R,10/27/1995,100,4.5,Eddie Murphy,18359,Eddie Murphy,1995,98.75868
1000000,American Playhouse Theatrical Films,UK,Todd Haynes,Drama,512245,Safe,R,6/30/1995,119,7.2,Julianne Moore,9448,Todd Haynes,1995,51.2245
2000000,Miramax,USA,Paul Auster,Comedy,1275999,Blue in the Face,R,10/13/1995,83,6.7,Harvey Keitel,8035,Paul Auster,1995,63.79995
2000000,Avrora Media,Russia,Anthony Waller,Horror,1204430,Mute Witness,R,9/15/1995,95,6.8,Marina Zudina,4634,Anthony Waller,1995,60.2215
6000000,Live Entertainment,USA,Aaron Norris,Action,5093707,Top Dog,PG-13,4/28/1995,86,4.1,Chuck Norris,2629,Aaron Norris,1995,84.89511667
5000000,40 Acres & A Mule Filmworks,USA,Nick Gomez,Crime,3565508,New Jersey Drive,R,4/19/1995,98,6.7,Shar-Ron Corley,2341,Nick Gomez,1995,71.31016
15000000,Tapestry Films,USA,Michael Gottlieb,Adventure,13406717,A Kid in King Arthur's Court,PG,8/11/1995,89,4.8,Thomas Ian Nicholas,4897,Michael Part,1995,89.37811333
20000000,Paramount Pictures,USA,Jodie Foster,Comedy,17518220,Home for the Holidays,PG-13,11/3/1995,103,6.6,Holly Hunter,9567,Chris Radant,1995,87.5911
3000000,Republic Pictures (II),USA,Mark Jones,Comedy,294991,Rumpelstiltskin,R,11/24/1995,87,4.4,Max Grodénchik,1935,Mark Jones,1995,9.833033333
15000000,TriStar Pictures,USA,Brett Leonard,Fantasy,12201255,Hideaway,R,3/3/1995,106,5.3,Jeff Goldblum,5398,Dean R. Koontz,1995,81.3417
7000000,A Band Apart,France,Desmond Nakano,Drama,3760515,White Man's Burden,R,12/1/1995,89,5.2,John Travolta,4197,Desmond Nakano,1995,53.72164286
10000000,Universal Pictures,USA,J.F. Lawton,Action,6607652,The Hunted,R,2/24/1995,100,5.9,Christopher Lambert,3978,J.F. Lawton,1995,66.07652
4000000,British Broadcasting Corporation (BBC),UK,Mike Newell,Comedy,258195,An Awfully Big Adventure,R,7/21/1995,112,6,Hugh Grant,2273,Beryl Bainbridge,1995,6.454875
6000000,Gramercy Pictures (I),USA,Kevin Smith,Comedy,2122561,Mallrats,R,10/20/1995,94,7.2,Shannen Doherty,103484,Kevin Smith,1995,35.37601667
58000000,Constellation Entertainment,Germany,Sydney Pollack,Comedy,53672080,Sabrina,PG,12/15/1995,127,6.3,Harrison Ford,31451,Samuel A. Taylor,1995,92.53806897
8000000,"Rank Organisation, The",UK,David Price,Comedy,2763020,Dr. Jekyll and Ms. Hyde,PG-13,8/25/1995,100,4.4,Sean Young,2379,David Price,1995,34.53775
25000000,TriStar Pictures,Canada,Robert Longo,Action,19076000,Johnny Mnemonic,R,5/26/1995,100,5.6,Keanu Reeves,58885,William Gibson,1995,76.304
30000000,Paramount Pictures,USA,Brett Leonard,Action,24048000,Virtuosity,R,8/4/1995,106,5.6,Denzel Washington,24720,Eric Bernt,1995,80.16
6500000,Populist Pictures,USA,Steven Soderbergh,Crime,536023,The Underneath,R,4/28/1995,99,6.2,Peter Gallagher,2718,Don Tracy,1995,8.246507692
7000000,Miramax,USA,Gary Fleder,Crime,529766,Things to Do in Denver When You're Dead,R,12/1/1995,115,6.8,Andy Garcia,23358,Scott Rosenberg,1995,7.568085714
17000000,Warner Bros.,USA,Alfonso Cuarón,Drama,10019307,A Little Princess,G,5/19/1995,97,7.7,Liesel Matthews,26945,Frances Hodgson Burnett,1995,58.9371
8000000,Charles Matthau-Jerry Tokofsky-John Davis Productions,USA,Charles Matthau,Drama,493007,The Grass Harp,PG,10/11/1996,107,7.2,Piper Laurie,3093,Truman Capote,1995,6.1625875
8000000,FIT Productions,UK,Agnieszka Holland,Biography,339889,Total Eclipse,R,11/3/1995,111,6.6,Leonardo DiCaprio,11309,Christopher Hampton,1995,4.2486125
9000000,Pandora Filmproduktion,USA,Jim Jarmusch,Drama,1037847,Dead Man,R,5/10/1996,121,7.7,Johnny Depp,77407,Jim Jarmusch,1995,11.53163333
9000000,Miramax,USA,Sean Penn,Drama,832910,The Crossing Guard,R,11/16/1995,111,6.3,Jack Nicholson,11262,Sean Penn,1995,9.254555556
11000000,"Samuel Goldwyn Company, The",USA,Mira Nair,Comedy,2832826,The Perez Family,R,5/12/1995,100,6.1,Marisa Tomei,1847,Christine Bell,1995,25.75296364
15000000,Sweetland Films,USA,Woody Allen,Comedy,6700000,Mighty Aphrodite,R,11/10/1995,95,7.1,Woody Allen,33697,Woody Allen,1995,44.66666667
11000000,Castle Rock Entertainment,USA,Oliver Parker,Drama,2112951,Othello,R,1/19/1996,123,6.9,Laurence Fishburne,7965,Oliver Parker,1995,19.20864545
15000000,Savoy Pictures,USA,Preston A. Whitmore II,Drama,6014340,The Walking Dead,R,2/24/1995,88,4.8,Allen Payne,652,Preston A. Whitmore II,1995,40.0956
45000000,Columbia Pictures Corporation,USA,Frank Oz,Drama,35617599,The Indian in the Cupboard,PG,7/14/1995,96,5.9,Hal Scardino,22044,Lynne Reid Banks,1995,79.15022
17000000,Paramount Pictures,USA,Stephen Gyllenhaal,Drama,7603766,Losing Isaiah,R,3/17/1995,111,6.4,Jessica Lange,4713,Seth Margolis,1995,44.72803529
52000000,Universal Pictures,France,Martin Scorsese,Crime,42438300,Casino,R,11/22/1995,178,8.2,Robert De Niro,367532,Nicholas Pileggi,1995,81.61211538
22000000,Hollywood Pictures,USA,Peter Yates,Comedy,12100000,Roommates,PG,3/3/1995,108,6.4,Peter Falk,1509,Max Apple,1995,55
60000000,Warner Bros.,USA,Geoff Murphy,Action,50024083,Under Siege 2: Dark Territory,R,7/14/1995,100,5.4,Steven Seagal,38220,Richard Hatem,1995,83.37347167
11000000,Dog Eat Dog Films,USA,Michael Moore,Comedy,178104,Canadian Bacon,PG,9/22/1995,91,5.9,John Candy,14286,Michael Moore,1995,1.619127273
27000000,TriStar Pictures,USA,Carl Franklin,Crime,16030096,Devil in a Blue Dress,R,9/29/1995,102,6.7,Denzel Washington,14406,Walter Mosley,1995,59.37072593
15000000,Metro-Goldwyn-Mayer (MGM),USA,Carlo Carlei,Drama,3987649,Fluke,PG,6/2/1995,96,6.7,Matthew Modine,5577,James Herbert,1995,26.58432667
14000000,Touchstone Pictures,USA,James Ivory,Biography,2474000,Jefferson in Paris,PG-13,3/31/1995,139,5.7,Nick Nolte,2535,Ruth Prawer Jhabvala,1995,17.67142857
25000000,Universal Pictures,USA,Spike Lee,Crime,13040603,Clockers,R,9/13/1995,128,6.9,Harvey Keitel,17650,Richard Price,1995,52.162412
20000000,United Artists,USA,Iain Softley,Comedy,7564000,Hackers,PG-13,9/15/1995,107,6.2,Jonny Lee Miller,57821,Rafael Moreu,1995,37.82
22000000,Universal Pictures,USA,John Carpenter,Horror,9417567,Village of the Damned,R,4/28/1995,99,5.6,Christopher Reeve,23569,John Wyndham,1995,42.80712273
32000000,TriStar Pictures,Japan,Sam Raimi,Action,18636537,Rápida y mortal,R,2/10/1995,107,6.4,Sharon Stone,73223,Simon Moore,1995,58.23917813
20000000,Triumph Films,Canada,Christian Duguay,Sci-Fi,5781885,Asesinos cibernéticos,R,1/26/1996,108,6.4,Peter Weller,21565,Philip K. Dick,1995,28.909425
35000000,Universal Pictures,USA,Peter Hyams,Action,20350171,Sudden Death,R,12/22/1995,111,5.7,Jean-Claude Van Damme,27472,Karen Elise Baldwin,1995,58.14334571
19000000,Avenue Pictures,USA,Michael Hoffman,Biography,4100000,Restoration,R,2/2/1996,117,6.7,Robert Downey Jr.,7894,Rose Tremain,1995,21.57894737
18000000,Club d'Investissement Média,France,Marc Caro,Fantasy,1513028,The City of Lost Children,R,12/15/1995,112,7.7,Ron Perlman,58437,Gilles Adrien,1995,8.405711111
23000000,Castle Rock Entertainment,UK,John Boorman,Action,5750110,Beyond Rangoon,R,8/25/1995,100,6.6,Patricia Arquette,4306,Alex Lasker,1995,25.00047826
55000000,Columbia Pictures Corporation,USA,Jerry Zucker,Action,37600435,First Knight,PG-13,7/7/1995,134,5.9,Sean Connery,59052,Lorne Cameron,1995,68.36442727
30000000,Gaumont,France,Mel Brooks,Comedy,10693649,Drácula: Muerto pero feliz,PG-13,12/22/1995,88,5.8,Leslie Nielsen,32629,Mel Brooks,1995,35.64549667
50000000,Warner Bros.,France,Richard Donner,Action,30306268,Assassins,R,10/6/1995,132,6.3,Sylvester Stallone,67317,Lilly Wachowski,1995,60.612536
25000000,Trilogy Entertainment Group,USA,Rachel Talalay,Action,4064333,Tank Girl,R,3/31/1995,104,5.3,Lori Petty,26302,Alan Martin,1995,16.257332
32000000,Caravan Pictures,USA,Jeremiah S. Chechik,Adventure,8247627,Tall Tale,PG,3/24/1995,98,5.9,Patrick Swayze,2814,Steve Bloom,1995,25.77383438
28000000,Metro-Goldwyn-Mayer (MGM),Ireland,Don Bluth,Animation,3983912,La piedra y el pingüino,G,4/12/1995,74,5.6,Martin Short,3607,Rachel Koretsky,1995,14.22825714
45000000,Carolco Pictures,France,Paul Verhoeven,Drama,20302961,Showgirls,NC-17,9/22/1995,128,4.7,Elizabeth Berkley,53325,Joe Eszterhas,1995,45.11769111
33000000,Paramount Pictures,USA,John Badham,Action,8169363,Nick of Time,R,11/22/1995,90,6.3,Johnny Depp,34436,Patrick Sheane Duncan,1995,24.75564545
40000000,Twentieth Century Fox Film Corporation,USA,Barbet Schroeder,Action,14942422,Kiss of Death,R,4/21/1995,101,5.9,David Caruso,14977,Eleazar Lipsky,1995,37.356055
30000000,United Artists,USA,Walter Hill,Action,2167808,Wild Bill,R,12/1/1995,98,5.9,Jeff Bridges,5307,Peter Dexter,1995,7.226026667
68000000,Columbia Pictures,USA,Joseph Ruben,Action,35324232,Money Train,R,11/22/1995,110,5.6,Wesley Snipes,34091,Doug Richardson,1995,51.9474
42000000,Lightstorm Entertainment,USA,Kathryn Bigelow,Action,7919000,Strange Days,R,10/13/1995,145,7.2,Ralph Fiennes,57697,James Cameron,1995,18.8547619
70000000,Hollywood Pictures,USA,Danny Cannon,Action,34693481,Judge Dredd,R,6/30/1995,96,5.5,Sylvester Stallone,95091,John Wagner,1995,49.56211571
50000000,Cinergi Pictures Entertainment,USA,Oliver Stone,Biography,13560960,Nixon,R,1/5/1996,192,7.1,Anthony Hopkins,25426,Stephen J. Rivele,1995,27.12192
50000000,Warner Bros.,USA,Andrew Sipes,Action,11534477,Fair Game,R,11/3/1995,91,4.1,William Baldwin,10655,Paula Gosling,1995,23.068954
50000000,Allied Stars Ltd.,USA,Roland Joffé,Drama,10400000,The Scarlet Letter,R,10/13/1995,135,5.2,Demi Moore,12706,Nathaniel Hawthorne,1995,20.8
50000000,Paramount Pictures,USA,William Friedkin,Crime,9795017,Jade,R,10/13/1995,95,5.2,David Caruso,9815,Joe Eszterhas,1995,19.590034
175000000,Universal Pictures,USA,Kevin Reynolds,Action,88246220,Waterworld,PG-13,7/28/1995,135,6.1,Kevin Costner,153742,Peter Rader,1995,50.42641143
98000000,Beckner/Gorman Productions,USA,Renny Harlin,Action,10017322,Cutthroat Island,PG-13,12/22/1995,124,5.6,Geena Davis,22527,Michael Frost Beckner,1995,10.22175714
