budget,company,country,director,genre,gross,name,rating,released,runtime,score,star,votes,writer,year,profit
68000000,Summit Entertainment,USA,David Slade,Adventure,300531751,The Twilight Saga: Eclipse,PG-13,6/30/2010,124,4.9,Kristen Stewart,195941,Melissa Rosenberg,2010,441.9584574
200000000,Walt Disney Pictures,USA,Lee Unkrich,Animation,415004880,Toy Story 3,G,6/18/2010,103,8.3,Tom Hanks,603472,John Lasseter,2010,207.50244
69000000,Universal Pictures,USA,Pierre Coffin,Animation,251513985,Despicable Me,PG,7/9/2010,95,7.7,Steve Carell,422190,Cinco Paul,2010,364.5130217
40000000,Columbia Pictures,USA,Harald Zwart,Action,176591618,The Karate Kid,PG,6/11/2010,140,6.2,Jackie Chan,131784,Christopher Murphey,2010,441.479045
200000000,Walt Disney Pictures,USA,Tim Burton,Adventure,334191110,Alice in Wonderland,PG,3/5/2010,108,6.5,Mia Wasikowska,331389,Linda Woolverton,2010,167.095555
38000000,Paramount Pictures,USA,Ethan Coen,Adventure,171243005,True Grit,PG-13,12/22/2010,110,7.6,Jeff Bridges,259855,Joel Coen,2010,450.6394868
160000000,Warner Bros.,USA,Christopher Nolan,Action,292576195,Inception,PG-13,7/16/2010,148,8.8,Leonardo DiCaprio,1629342,Christopher Nolan,2010,182.8601219
15000000,See-Saw Films,UK,Tom Hooper,Biography,138797449,The King's Speech,R,12/25/2010,118,8,Colin Firth,544927,David Seidler,2010,925.3163267
200000000,Paramount Pictures,USA,Jon Favreau,Action,312433331,Iron Man 2,PG-13,5/7/2010,124,7,Robert Downey Jr.,571416,Justin Theroux,2010,156.2166655
13000000,Fox Searchlight Pictures,USA,Darren Aronofsky,Drama,106954678,Black Swan,R,12/17/2010,108,8,Natalie Portman,594148,Mark Heyman,2010,822.7282923
80000000,Columbia Pictures,USA,Dennis Dugan,Comedy,162001186,Grown Ups,PG-13,6/25/2010,102,6,Adam Sandler,194404,Adam Sandler,2010,202.5014825
3000000,Paramount Pictures,USA,Tod Williams,Horror,84752907,Paranormal Activity 2,R,10/22/2010,91,5.7,Katie Featherston,87197,Michael R. Perry,2010,2825.0969
165000000,DreamWorks Animation,USA,Mike Mitchell,Animation,238371987,Shrek Forever After,PG,5/21/2010,93,6.3,Mike Myers,150636,William Steig,2010,144.4678709
25000000,Closest to the Hole Productions,USA,David O. Russell,Biography,93617009,The Fighter,R,12/17/2010,116,7.8,Mark Wahlberg,294996,Scott Silver,2010,374.468036
52000000,New Line Cinema,USA,Garry Marshall,Comedy,110485654,Valentine's Day,PG-13,2/12/2010,125,5.7,Julia Roberts,100570,Katherine Fugate,2010,212.4724115
40000000,Columbia Pictures,USA,David Fincher,Biography,96962694,The Social Network,PG-13,10/1/2010,120,7.7,Jesse Eisenberg,521956,Aaron Sorkin,2010,242.406735
37000000,Warner Bros.,USA,Ben Affleck,Crime,92186262,The Town,R,9/17/2010,125,7.6,Ben Affleck,299626,Peter Craig,2010,249.1520595
25000000,Screen Gems,USA,Lasse Hallström,Drama,80014842,Dear John,PG-13,2/5/2010,108,6.3,Channing Tatum,115712,Jamie Linden,2010,320.059368
165000000,DreamWorks Animation,USA,Dean DeBlois,Animation,217581231,How to Train Your Dragon,PG,3/26/2010,98,8.1,Jay Baruchel,538360,William Davies,2010,131.8674127
1500000,Alliance Films,USA,James Wan,Horror,54009150,Insidious,PG-13,4/1/2011,103,6.8,Patrick Wilson,226632,Leigh Whannell,2010,3600.61
8000000,Screen Gems,USA,Will Gluck,Comedy,58401464,Easy A,PG-13,9/17/2010,92,7.1,Emma Stone,301623,Bert V. Royal,2010,730.0183
15000000,Color Force,USA,Thor Freudenthal,Comedy,64003625,Diary of a Wimpy Kid,PG,3/19/2010,100,6.2,Zachary Gordon,35256,Jackie Filgo,2010,426.6908333
100000000,Universal Pictures,USA,Paul Weitz,Comedy,148383780,Little Fockers,PG-13,12/22/2010,98,5.5,Ben Stiller,91634,John Hamburg,2010,148.38378
80000000,Paramount Pictures,USA,Martin Scorsese,Mystery,128012934,Shutter Island,R,2/19/2010,138,8.1,Leonardo DiCaprio,883895,Laeta Kalogridis,2010,160.0161675
55000000,Twentieth Century Fox Film Corporation,USA,Shawn Levy,Comedy,98711404,Date Night,PG-13,4/9/2010,88,6.3,Steve Carell,135458,Josh Klausner,2010,179.47528
20000000,Touchstone Pictures,USA,Julie Anne Robinson,Drama,62950384,The Last Song,PG,3/31/2010,100,5.9,Miley Cyrus,66108,Nicholas Sparks,2010,314.75192
1800000,Strike Entertainment,France,Daniel Stamm,Drama,41034350,El último exorcismo,PG-13,8/27/2010,87,5.6,Patrick Fabian,43587,Huck Botko,2010,2279.686111
125000000,Warner Bros.,USA,Louis Leterrier,Action,163214888,Clash of the Titans,PG-13,4/2/2010,106,5.8,Sam Worthington,241875,Travis Beacham,2010,130.5719104
20000000,Screen Gems,USA,John Luessenhop,Action,57744720,Takers,PG-13,8/27/2010,107,6.2,Chris Brown,49828,Peter Allen,2010,288.7236
65000000,Warner Bros.,USA,Todd Phillips,Comedy,100539043,Due Date,R,11/5/2010,95,6.6,Robert Downey Jr.,287021,Alan R. Cohen,2010,154.6754508
58000000,Summit Entertainment,USA,Robert Schwentke,Action,90380162,RED,PG-13,10/15/2010,111,7.1,Bruce Willis,254554,Jon Hoeber,2010,155.8278655
35000000,New Line Cinema,USA,Samuel Bayer,Horror,63075011,A Nightmare on Elm Street,R,4/30/2010,95,5.2,Jackie Earle Haley,79930,Wesley Strick,2010,180.2143171
40000000,Columbia Pictures,USA,Andy Tennant,Action,67061228,The Bounty Hunter,PG-13,3/19/2010,110,5.5,Jennifer Aniston,103868,Sarah Thorp,2010,167.65307
20000000,Twisted Pictures,Canada,Kevin Greutert,Horror,45710178,Saw 3D: The Final Chapter,R,10/29/2010,90,5.6,Tobin Bell,74021,Patrick Melton,2010,228.55089
35000000,Walt Disney Pictures,USA,Randall Wallace,Biography,59713955,Secretariat,PG,10/8/2010,123,7.2,Diane Lane,22288,Mike Rich,2010,170.6113
10000000,Universal Pictures,USA,John Erick Dowdle,Horror,33583175,Devil,PG-13,9/17/2010,80,6.3,Chris Messina,112284,Brian Nelson,2010,335.83175
80000000,Millennium Films,USA,Sylvester Stallone,Action,103068524,The Expendables,R,8/13/2010,103,6.5,Sylvester Stallone,288429,Dave Callaham,2010,128.835655
30000000,Summit Entertainment,USA,Gary Winick,Adventure,53032453,Letters to Juliet,PG,5/14/2010,100,6.6,Amanda Seyfried,79868,Jose Rivera,2010,176.7748433
20000000,Screen Gems,USA,Neil LaBute,Comedy,42739347,Death at a Funeral,R,4/16/2010,92,5.7,Chris Rock,38627,Dean Craig,2010,213.696735
60000000,Columbia Pictures,USA,Ryan Murphy,Drama,80574010,Eat Pray Love,PG-13,8/13/2010,133,5.7,Julia Roberts,69859,Ryan Murphy,2010,134.2900167
80000000,Warner Bros.,USA,Eric Brevig,Animation,100246011,Yogi Bear,PG,12/17/2010,100,4.6,Dan Aykroyd,17533,J.R. Ventimilia,2010,125.3075138
100000000,Columbia Pictures,USA,Adam McKay,Action,119219978,The Other Guys,PG-13,8/6/2010,107,6.7,Will Ferrell,204044,Adam McKay,2010,119.219978
20000000,Overture Films,USA,Breck Eisner,Horror,39123589,The Crazies,R,2/26/2010,101,6.5,Radha Mitchell,98210,Scott Kosar,2010,195.617945
130000000,DreamWorks Animation,USA,Tom McGrath,Animation,148415853,Megamind,PG,11/5/2010,95,7.3,Will Ferrell,188234,Alan Schoolcraft,2010,114.1660408
30000000,Marv Films,UK,Matthew Vaughn,Action,48071303,Kick-Ass,R,4/16/2010,117,7.7,Aaron Taylor-Johnson,465530,Jane Goldman,2010,160.2376767
3500000,Focus Features,USA,Lisa Cholodenko,Comedy,20811365,The Kids Are All Right,R,7/30/2010,106,7.1,Annette Bening,115520,Lisa Cholodenko,2010,594.6104286
20000000,Regency Enterprises,USA,Jason Friedberg,Adventure,36661504,Vampires Suck,PG-13,8/18/2010,82,3.5,Jenn Proske,41062,Jason Friedberg,2010,183.30752
10500000,Overnight Films,USA,Ethan Maniquis,Action,26593646,Machete,R,9/3/2010,105,6.6,Danny Trejo,173229,Robert Rodriguez,2010,253.272819
20000000,Focus Features,USA,Anton Corbijn,Crime,35606376,The American,R,9/1/2010,105,6.3,George Clooney,82995,Rowan Joffe,2010,178.03188
38000000,Josephson Entertainment,USA,Greg Berlanti,Comedy,53374681,Life as We Know It,PG-13,10/8/2010,100,6.6,Katherine Heigl,103763,Ian Deitchman,2010,140.4596868
80000000,Alcon Entertainment,USA,Albert Hughes,Action,94835059,The Book of Eli,R,1/15/2010,118,6.9,Denzel Washington,246433,Gary Whitta,2010,118.5438238
36000000,Metro-Goldwyn-Mayer (MGM),USA,Steve Pink,Comedy,50287556,Hot Tub Time Machine,R,3/26/2010,101,6.4,John Cusack,145648,Josh Heald,2010,139.6876556
26000000,Bold Films,USA,Scott Stewart,Action,40168080,Legion,R,1/22/2010,100,5.2,Paul Bettany,85724,Peter Schink,2010,154.4926154
30000000,Summit Entertainment,USA,Jon M. Chu,Drama,42400223,Step Up 3D,PG-13,8/6/2010,107,6.2,Sharni Vinson,50180,Amy Andelson,2010,141.3340767
48000000,Twentieth Century Fox Film Corporation,USA,Michael Lembeck,Comedy,60022256,Tooth Fairy,PG,1/22/2010,101,5,Dwayne Johnson,33336,Lowell Ganz,2010,125.0463667
40000000,Twentieth Century Fox Film Corporation,USA,Nimród Antal,Action,52000688,Predators,R,7/9/2010,107,6.4,Adrien Brody,182863,Alex Litvak,2010,130.00172
20000000,DreamWorks,USA,Jim Field Smith,Comedy,31584722,She's Out of My League,R,3/12/2010,100,6.4,Jay Baruchel,107464,Sean Anders,2010,157.92361
10000000,Rogue Pictures,USA,Colin Strause,Action,21371425,Skyline,PG-13,11/12/2010,97,4.4,Eric Balfour,78787,Joshua Cordes,2010,213.71425
20000000,Miramax,USA,John Madden,Drama,31177548,The Debt,R,8/31/2011,113,6.9,Helen Mirren,57945,Matthew Vaughn,2010,155.88774
15000000,Fox 2000 Pictures,USA,Elizabeth Allen Rosenbaum,Adventure,26161406,Ramona and Beezus,G,7/23/2010,100,6.7,Joey King,14808,Laurie Craig,2010,174.4093733
19000000,Mandate Pictures,USA,Josh Gordon,Comedy,27758465,The Switch,PG-13,8/20/2010,100,6.1,Jennifer Aniston,83839,Allan Loeb,2010,146.0971842
110000000,Columbia Pictures,USA,Phillip Noyce,Action,118311368,Salt,PG-13,7/23/2010,100,6.4,Angelina Jolie,259831,Kurt Wimmer,2010,107.5557891
37000000,Warner Bros.,USA,Kevin Smith,Action,44875481,Cop Out,R,2/26/2010,107,5.6,Bruce Willis,78157,Robb Cullen,2010,121.2850838
19000000,Universal Pictures,USA,Anand Tucker,Comedy,25918920,Leap Year,PG,1/8/2010,100,6.5,Amy Adams,77685,Deborah Kaplan,2010,136.4153684
3500000,Incentive Filmed Entertainment,USA,Derek Cianfrance,Drama,9737892,Blue Valentine,R,1/28/2011,112,7.4,Ryan Gosling,154714,Derek Cianfrance,2010,278.2254857
20000000,Touchstone Pictures,USA,Andy Fickman,Comedy,25702053,You Again,PG,9/24/2010,100,5.8,Kristen Bell,43588,Moe Jelline,2010,128.510265
15000000,Screen Gems,USA,Shana Feste,Drama,20218921,Country Strong,PG-13,1/7/2011,117,6.3,Garrett Hedlund,15478,Shana Feste,2010,134.7928067
20000000,Lions Gate Family Entertainment,USA,Anthony Bell,Animation,25077977,Alpha and Omega,PG,9/17/2010,90,5.3,Hayden Panettiere,11636,Chris Denk,2010,125.389885
2000000,Anonymous Content,USA,Debra Granik,Drama,6531503,Winter's Bone,R,7/16/2010,100,7.2,Jennifer Lawrence,118433,Debra Granik,2010,326.57515
16000000,Summit Entertainment,USA,Allen Coulter,Drama,19068240,Remember Me,PG-13,3/12/2010,113,7.2,Robert Pattinson,121432,Will Fetters,2010,119.1765
3200000,Olympus Pictures,USA,Mike Mills,Comedy,5790894,Beginners,R,8/26/2011,105,7.2,Ewan McGregor,78833,Mike Mills,2010,180.9654375
35000000,CBS Films,USA,Alan Poul,Comedy,37490007,The Back-up Plan,PG-13,4/23/2010,104,5.3,Jennifer Lopez,43272,Kate Angelo,2010,107.1143057
30000000,Fox 2000 Pictures,USA,Edward Zwick,Comedy,32367005,Love & Other Drugs,R,11/24/2010,112,6.7,Jake Gyllenhaal,154701,Charles Randolph,2010,107.8900167
170000000,Walt Disney Pictures,USA,Joseph Kosinski,Action,172062763,TRON: Legacy,PG,12/17/2010,100,6.8,Jeff Bridges,278124,Edward Kitsis,2010,101.21339
24000000,Dimension Films,USA,Alexandre Aja,Comedy,25003155,Piranha 3D,R,8/20/2010,88,5.5,Elisabeth Shue,76489,Pete Goldfinger,2010,104.1798125
7000000,Scott Free Productions,USA,Jay Duplass,Comedy,7455447,Cyrus,R,7/16/2010,91,6.3,John C. Reilly,31320,Mark Duplass,2010,106.5063857
18000000,Pathé,USA,Danny Boyle,Adventure,18335230,127 Hours,R,1/28/2011,94,7.6,James Franco,299503,Danny Boyle,2010,101.8623889
65000,Tiny Ponies,USA,Lena Dunham,Comedy,389804,Tiny Furniture,NOT RATED,3/30/2012,98,6.2,Lena Dunham,12702,Lena Dunham,2010,599.6984615
60000000,Constantin Film,Germany,Paul W.S. Anderson,Action,60128566,Resident Evil: Afterlife,R,9/10/2010,96,5.9,Milla Jovovich,143707,Paul W.S. Anderson,2010,100.2142767
6800000,micro_scope,Canada,Denis Villeneuve,Drama,6857096,Incendies,R,7/29/2011,131,8.2,Lubna Azabal,97935,Denis Villeneuve,2010,100.8396471
500000,Realitism Films,France,Quentin Dupieux,Comedy,98017,Rubber,R,11/10/2010,82,5.8,Stephen Spinella,28442,Quentin Dupieux,2010,19.6034
500000,Stacey Testro International,USA,Nick Tomnay,Comedy,48430,The Perfect Host,R,5/7/2011,100,6.8,David Hyde Pierce,21832,Nick Tomnay,2010,9.686
650000,Glass Eye Pix,USA,Jim Mickle,Drama,18469,Stake Land,R,12/9/2011,98,6.5,Connor Paolo,36801,Nick Damici,2010,2.841384615
24000000,CBS Films,USA,George Tillman Jr.,Action,23240020,Faster,R,11/24/2010,98,6.5,Dwayne Johnson,85407,Tony Gayton,2010,96.83341667
25000000,Miramax,USA,Troy Nixey,Fantasy,24042490,Don't Be Afraid of the Dark,R,8/26/2011,99,5.6,Katie Holmes,42545,Guillermo del Toro,2010,96.16996
25000000,Warner Bros.,USA,Sylvain White,Action,23580735,The Losers,PG-13,4/23/2010,97,6.4,Idris Elba,78545,Peter Berg,2010,94.32294
10000000,Broadway Video,USA,Jorma Taccone,Action,8460995,MacGruber,R,5/21/2010,90,5.5,Will Forte,37743,Will Forte,2010,84.60995
8000000,Focus Features,USA,Anna Boden,Comedy,6350058,It's Kind of a Funny Story,PG-13,10/8/2010,101,7.1,Keir Gilchrist,116014,Anna Boden,2010,79.375725
2000000,Cinetel Films,USA,Steven R. Monroe,Crime,93051,I Spit on Your Grave,R,3/4/2011,108,6.3,Sarah Butler,61717,Adam Rockoff,2010,4.65255
3000000,Audiovisual Aval SGR,Spain,Rodrigo Cortés,Drama,1028658,Sepultado,R,10/15/2010,95,7,Ryan Reynolds,127979,Chris Sparling,2010,34.2886
2500000,This Is That Productions,USA,James Gunn,Comedy,322157,Super,R,6/10/2011,100,6.8,Rainn Wilson,65689,James Gunn,2010,12.88628
5000000,Temple Hill Entertainment,USA,Dan Rush,Comedy,2711210,Everything Must Go,R,10/14/2011,97,6.4,Will Ferrell,43290,Dan Rush,2010,54.2242
5000000,Olympus Pictures,USA,John Cameron Mitchell,Drama,2229058,Rabbit Hole,PG-13,1/28/2011,91,7,Nicole Kidman,42926,David Lindsay-Abaire,2010,44.58116
28000000,Relativity Media,USA,Brian Levant,Action,24268828,The Spy Next Door,PG,1/15/2010,94,5.4,Jackie Chan,33070,Jonathan Bernstein,2010,86.67438571
23000000,Studio Ghibli,Japan,Hiromasa Yonebayashi,Animation,19202743,The Secret World of Arrietty,G,2/17/2012,94,7.6,Bridgit Mendler,59799,Mary Norton,2010,83.49018696
4000000,The Weinstein Company,USA,Abe Sylvia,Comedy,53630,Dirty Girl,R,7/7/2011,90,6.5,Juno Temple,9432,Abe Sylvia,2010,1.34075
4500000,10th Hole Productions,USA,Galt Niederhoffer,Comedy,103280,The Romantics,PG-13,5/26/2010,100,5.1,Katie Holmes,10547,Galt Niederhoffer,2010,2.295111111
100000000,New Line Cinema,USA,Michael Patrick King,Comedy,95347692,Sex and the City 2,R,5/27/2010,146,4.4,Sarah Jessica Parker,63699,Michael Patrick King,2010,95.347692
6000000,Sedic International,Japan,Takashi Miike,Action,802524,13 Assassins,R,9/25/2010,141,7.6,Kôji Yakusho,54145,Kaneo Ikegami,2010,13.3754
7000000,Focus Features,USA,Sofia Coppola,Comedy,1768416,Somewhere,R,1/21/2011,97,6.3,Stephen Dorff,38036,Sofia Coppola,2010,25.26308571
12500000,Omega Entertainment,USA,Tony Goldwyn,Biography,6783129,Conviction,R,11/5/2010,107,7.2,Hilary Swank,37145,Pamela Gray,2010,54.265032
35000000,Universal Pictures,UK,Susanna White,Comedy,29197642,Nanny McPhee Returns,PG,8/20/2010,109,6.1,Emma Thompson,21695,Emma Thompson,2010,83.42183429
7200000,Audley Films,UK,Nigel Cole,Biography,1094798,Made in Dagenham,R,6/3/2011,113,7.2,Sally Hawkins,11904,William Ivory,2010,15.20552778
95000000,Fox 2000 Pictures,UK,Chris Columbus,Adventure,88761720,Percy Jackson & the Olympians: The Lightning Thief,PG,2/12/2010,118,5.9,Logan Lerman,152255,Craig Titley,2010,93.43338947
10000000,River Road Entertainment,USA,Floria Sigismondi,Biography,3571735,The Runaways,R,3/19/2010,106,6.6,Kristen Stewart,41586,Floria Sigismondi,2010,35.71735
7000000,"Last Picture Company, The",USA,Spencer Susser,Comedy,382946,Hesher,R,6/25/2011,106,7.1,Joseph Gordon-Levitt,46153,Spencer Susser,2010,5.470657143
20000000,Overture Films,UK,Matt Reeves,Drama,12134420,Let Me In,R,10/1/2010,116,7.2,Kodi Smit-McPhee,99166,Matt Reeves,2010,60.6721
8000000,Magic Light Pictures,UK,Jonathan Lynn,Action,117190,Wild Target,PG-13,6/18/2010,98,6.9,Bill Nighy,31864,Lucinda Coxon,2010,1.464875
12000000,Dharma Productions,India,Karan Johar,Adventure,4018695,My Name Is Khan,PG-13,2/12/2010,165,8,Shah Rukh Khan,81130,Shibani Bathija,2010,33.489125
40000000,Bad Robot,USA,Roger Michell,Comedy,31011732,Morning Glory,PG-13,11/10/2010,100,6.5,Rachel McAdams,62536,Aline Brosh McKenna,2010,77.52933
9500000,Millennium Films,USA,David Schwimmer,Crime,120016,Trust,R,3/9/2012,106,6.9,Clive Owen,36805,Andy Bellin,2010,1.263326316
10000000,Herrick Entertainment,USA,Brad Anderson,Horror,22197,Vanishing on 7th Street,R,2/5/2011,92,4.9,Hayden Christensen,22864,Anthony Jaswinski,2010,0.22197
10000000,Ealing Studios,UK,John Landis,Comedy,4833,Burke and Hare,R,9/9/2011,91,6.2,Bill Bailey,17228,Piers Ashworth,2010,0.04833
25000000,Rogue,USA,Wes Craven,Horror,14637490,My Soul to Take,R,10/8/2010,100,4.8,Max Thieriot,17312,Wes Craven,2010,58.54996
15000000,Not specified,UK,John Wells,Drama,4439063,The Company Men,R,2/11/2011,104,6.8,Ben Affleck,38636,John Wells,2010,29.59375333
12000000,Pathé Pictures International,UK,Neil Marshall,Action,122288,Centurion,R,7/30/2010,97,6.4,Michael Fassbender,69188,Neil Marshall,2010,1.019066667
12000000,Company Films,USA,Malcolm Venville,Comedy,101882,Henry's Crime,R,1/14/2011,108,6,Keanu Reeves,16513,Sacha Gervasi,2010,0.849016667
14000000,Castle Rock Entertainment,USA,Rob Reiner,Comedy,1752214,Flipped,PG,9/10/2010,100,7.7,Madeline Carroll,67346,Rob Reiner,2010,12.51581429
22000000,River Road Entertainment,USA,Doug Liman,Biography,9528092,Fair Game,PG-13,12/3/2010,108,6.8,Naomi Watts,40837,Jez Butterworth,2010,43.30950909
15000000,DNA Films,UK,Mark Romanek,Drama,2434652,Never Let Me Go,R,10/15/2010,103,7.2,Keira Knightley,118784,Kazuo Ishiguro,2010,16.23101333
13000000,Hero Entertainment,USA,Michael Winterbottom,Crime,214966,The Killer Inside Me,R,12/17/2010,109,6.1,Casey Affleck,30060,John Curran,2010,1.653584615
44000000,Universal Pictures,USA,Burr Steers,Drama,31162545,Charlie St. Cloud,PG-13,7/30/2010,100,6.5,Zac Efron,50872,Craig Pearce,2010,70.82396591
25000000,"American Film Company, The",USA,Robert Redford,Crime,11538204,The Conspirator,PG-13,4/15/2011,122,6.9,Robin Wright,25030,James D. Solomon,2010,46.152816
35000000,Lionsgate,USA,Paul Haggis,Crime,21148651,The Next Three Days,PG-13,11/19/2010,133,7.4,Russell Crowe,155358,Paul Haggis,2010,60.42471714
15000000,An Olive Branch Productions,Canada,George Hickenlooper,Biography,1039869,Casino Jack,R,1/7/2011,108,6.2,Kevin Spacey,15443,Norman Snider,2010,6.93246
32000000,New Line Cinema,USA,Nanette Burstein,Comedy,17804299,Going the Distance,R,9/3/2010,100,6.3,Drew Barrymore,52508,Geoff LaTulippe,2010,55.63843438
55000000,Screen Gems,USA,Steve Antin,Drama,39440655,Burlesque,PG-13,11/24/2010,119,6.4,Cher,65689,Steve Antin,2010,71.71028182
50000000,Twentieth Century Fox Film Corporation,USA,Tom Dey,Comedy,33644788,Marmaduke,PG,6/4/2010,100,4.2,Owen Wilson,12104,Tim Rasmussen,2010,67.289576
50000000,Warner Bros.,USA,Clint Eastwood,Drama,32746941,Hereafter,PG-13,10/22/2010,129,6.5,Matt Damon,83345,Peter Morgan,2010,65.493882
35000000,Summit Entertainment,USA,Roger Kumble,Comedy,17596256,Furry Vengeance,PG,4/30/2010,100,3.8,Brendan Fraser,13245,Michael Carnes,2010,50.27501714
70000000,Twentieth Century Fox Film Corporation,USA,Oliver Stone,Drama,52474616,Wall Street: Money Never Sleeps,PG-13,9/24/2010,133,6.2,Shia LaBeouf,88518,Allan Loeb,2010,74.96373714
32000000,Universal Pictures,USA,Miguel Sapochnik,Action,13794835,Repo Men,R,3/19/2010,111,6.3,Jude Law,91561,Eric Garcia,2010,43.10885938
150000000,Paramount Pictures,USA,M. Night Shyamalan,Action,131564731,The Last Airbender,PG,7/1/2010,103,4.2,Noah Ringer,127467,M. Night Shyamalan,2010,87.70982067
100000000,Twentieth Century Fox Film Corporation,USA,Tony Scott,Action,81562942,Unstoppable,PG-13,11/12/2010,98,6.8,Denzel Washington,160551,Mark Bomback,2010,81.562942
22000000,Mediapro,USA,Woody Allen,Comedy,3247816,You Will Meet a Tall Dark Stranger,R,10/22/2010,100,6.3,Anthony Hopkins,39014,Woody Allen,2010,14.7628
20000000,Hyde Park Films,USA,Kevin Munroe,Action,1183354,Dylan Dog: Dead of Night,PG-13,4/29/2011,100,5.1,Brandon Routh,13559,Thomas Dean Donnelly,2010,5.91677
31000000,CBS Films,USA,Tom Vaughan,Drama,11854694,Extraordinary Measures,PG,1/22/2010,106,6.5,Brendan Fraser,14980,Robert Nelson Jacobs,2010,38.24094839
20000000,Miramax,USA,Julie Taymor,Comedy,277943,The Tempest,PG-13,1/7/2011,110,5.4,Helen Mirren,6589,Julie Taymor,2010,1.389715
22000000,Millennium Films,USA,John Curran,Drama,1796024,Stone,R,10/22/2010,105,5.4,Edward Norton,36456,Angus MacLachlan,2010,8.163745455
55000000,Touchstone Pictures,USA,Mark Steven Johnson,Comedy,32669555,When in Rome,PG-13,1/29/2010,91,5.6,Kristen Bell,53883,David Diamond,2010,59.39919091
80000000,Warner Bros.,USA,Zack Snyder,Animation,55675313,Legend of the Guardians: The Owls of Ga'Hoole,PG,9/24/2010,97,7,Jim Sturgess,69624,John Orloff,2010,69.59414125
25000000,Les Productions du Trésor,France,Guillaume Canet,Comedy,206088,Little White Lies,NOT RATED,10/20/2010,134,7.1,François Cluzet,20148,Guillaume Canet,2010,0.824352
25000000,Aramid Entertainment Fund,USA,Taylor Hackford,Biography,134904,Love Ranch,R,1/6/2011,100,5.7,Helen Mirren,2558,Mark Jacobson,2010,0.539616
25000000,GK Films,USA,William Monahan,Crime,6911,London Boulevard,R,11/26/2010,103,6.2,Colin Farrell,42460,William Monahan,2010,0.027644
75000000,Lionsgate,USA,Robert Luketic,Action,47059963,Killers,PG-13,6/4/2010,100,5.4,Katherine Heigl,77029,Bob DeRosa,2010,62.74661733
52000000,EuropaCorp,France,Pierre Morel,Action,23979741,París en la Mira,R,2/5/2010,92,6.5,John Travolta,102224,Adi Hasak,2010,46.11488654
60000000,Universal Pictures,USA,Edgar Wright,Action,31494270,Scott Pilgrim vs. the World,PG-13,8/13/2010,112,7.5,Michael Cera,302029,Michael Bacall,2010,52.49045
45000000,R.P. Productions,France,Roman Polanski,Drama,15541549,The Ghost Writer,PG-13,3/19/2010,128,7.2,Ewan McGregor,140059,Robert Harris,2010,34.53677556
100000000,GK Films,USA,Florian Henckel von Donnersmarck,Action,67631157,The Tourist,PG-13,12/10/2010,103,6,Johnny Depp,190376,Florian Henckel von Donnersmarck,2010,67.631157
110000000,Twentieth Century Fox Film Corporation,USA,Joe Carnahan,Action,77222099,The A-Team,PG-13,6/11/2010,117,6.8,Liam Neeson,222505,Joe Carnahan,2010,70.20190818
47000000,Warner Bros.,USA,Jimmy Hayward,Action,10539414,Jonah Hex,PG-13,6/18/2010,81,4.7,Josh Brolin,48504,Mark Neveldine,2010,22.42428511
80000000,Warner Bros.,UK,Martin Campbell,Crime,43313890,Edge of Darkness,R,1/29/2010,117,6.6,Mel Gibson,79774,William Monahan,2010,54.1423625
45000000,Rogue,New Zealand,Sngmoo Lee,Action,5664251,The Warrior's Way,R,12/3/2010,100,6.3,Dong-gun Jang,23178,Sngmoo Lee,2010,12.58722444
117000000,Twentieth Century Fox Film Corporation,USA,James Mangold,Action,76423035,Knight and Day,PG-13,6/23/2010,109,6.3,Tom Cruise,157815,Patrick O'Neill,2010,65.31883333
85000000,CD2 Films,USA,Brad Peyton,Action,43585753,Cats & Dogs: The Revenge of Kitty Galore,PG,7/30/2010,100,4.3,Bette Midler,11161,Ron J. Friedman,2010,51.27735647
155000000,Fox 2000 Pictures,USA,Michael Apted,Adventure,104386950,The Chronicles of Narnia: The Voyage of the Dawn Treader,PG,12/10/2010,113,6.3,Ben Barnes,116260,Christopher Markus,2010,67.34641935
260000000,Walt Disney Animation Studios,USA,Nathan Greno,Animation,200821936,Tangled,PG,11/24/2010,100,7.8,Mandy Moore,325621,Dan Fogelman,2010,77.23920615
100000000,Universal Pictures,UK,Paul Greengrass,Action,35053660,Green Zone,R,3/12/2010,115,6.8,Matt Damon,116142,Brian Helgeland,2010,35.05366
112000000,Twentieth Century Fox Film Corporation,USA,Rob Letterman,Adventure,42779261,Gulliver's Travels,PG,12/25/2010,85,4.9,Jack Black,56336,Joe Stillman,2010,38.19576875
150000000,Walt Disney Pictures,USA,Jon Turteltaub,Action,63150991,The Sorcerer's Apprentice,PG,7/14/2010,109,6.1,Nicolas Cage,133390,Lawrence Konner,2010,42.10066067
150000000,Universal Pictures,USA,Joe Johnston,Drama,61979680,The Wolfman,R,2/12/2010,103,5.8,Benicio Del Toro,93175,Andrew Kevin Walker,2010,41.31978667
120000000,Columbia Pictures,USA,James L. Brooks,Comedy,30212620,How Do You Know,PG-13,12/17/2010,100,5.4,Reese Witherspoon,37605,James L. Brooks,2010,25.17718333
200000000,Universal Pictures,USA,Ridley Scott,Action,105269730,Robin Hood,PG-13,5/14/2010,140,6.7,Russell Crowe,224548,Brian Helgeland,2010,52.634865
200000000,Walt Disney Pictures,USA,Mike Newell,Action,90759676,Prince of Persia: The Sands of Time,PG-13,5/28/2010,116,6.6,Jake Gyllenhaal,237542,Boaz Yakin,2010,45.379838
