budget,company,country,director,genre,gross,name,rating,released,runtime,score,star,votes,writer,year,profit
150000000,DreamWorks,USA,Michael Bay,Action,319071806,Transformers,PG-13,7/3/2007,144,7.1,Shia LaBeouf,541000,Roberto Orci,2007,212.7145373
160000000,DreamWorks Animation,USA,Chris Miller,Animation,320706665,Shrek the Third,PG,5/18/2007,93,6.1,Mike Myers,230142,Jeffrey Price,2007,200.4416656
60000000,Fox 2000 Pictures,USA,Tim Hill,Animation,217326974,Alvin and the Chipmunks,PG,12/14/2007,92,5.2,Jason Lee,62132,Jon Vitti,2007,362.2116233
150000000,Warner Bros.,UK,David Yates,Adventure,292004738,Harry Potter and the Order of the Phoenix,PG-13,7/11/2007,138,7.5,Daniel Radcliffe,396738,Michael Goldenberg,2007,194.6698253
7500000,Fox Searchlight Pictures,USA,Jason Reitman,Comedy,143495265,Juno,PG-13,12/25/2007,96,7.5,Ellen Page,439421,Diablo Cody,2007,1913.2702
30000000,Universal Pictures,USA,Judd Apatow,Comedy,148734225,Knocked Up,R,6/1/2007,129,7,Seth Rogen,313748,Judd Apatow,2007,495.78075
110000000,Universal Pictures,USA,Paul Greengrass,Action,227471070,The Bourne Ultimatum,PG-13,8/3/2007,115,8.1,Matt Damon,537243,Tony Gilroy,2007,206.7918818
75000000,Twentieth Century Fox Film Corporation,USA,David Silverman,Animation,183135014,The Simpsons Movie,PG-13,7/27/2007,87,7.4,Dan Castellaneta,273363,James L. Brooks,2007,244.1800187
15000,Solana Films,USA,Oren Peli,Horror,107918810,Paranormal Activity,R,10/16/2009,86,6.3,Katie Featherston,195668,Oren Peli,2007,719458.7333
150000000,Warner Bros.,USA,Francis Lawrence,Drama,256386216,I Am Legend,PG-13,12/14/2007,101,7.2,Will Smith,579646,Mark Protosevich,2007,170.924144
20000000,Columbia Pictures,USA,Greg Mottola,Comedy,121463226,Superbad,R,8/17/2007,113,7.6,Michael Cera,450691,Seth Rogen,2007,607.31613
130000000,Walt Disney Pictures,USA,Jon Turteltaub,Action,219964115,National Treasure: Book of Secrets,PG,12/21/2007,124,6.5,Nicolas Cage,193052,Marianne Wibberley,2007,169.2031654
258000000,Columbia Pictures,USA,Sam Raimi,Action,336530303,Spider-Man 3,PG-13,5/4/2007,139,6.2,Tobey Maguire,416842,Sam Raimi,2007,130.4381019
22000000,Walt Disney Pictures,USA,Andy Fickman,Comedy,90648202,The Game Plan,PG,9/28/2007,110,6.2,Dwayne Johnson,48000,Nichole Millard,2007,412.0372818
17000000,Walden Media,USA,Gabor Csupo,Adventure,82272442,Bridge to Terabithia,PG,2/16/2007,96,7.2,Josh Hutcherson,119947,Jeff Stockwell,2007,483.9555412
20000000,DreamWorks,USA,D.J. Caruso,Drama,80209692,Disturbia,PG-13,4/13/2007,105,6.9,Shia LaBeouf,196330,Christopher Landon,2007,401.04846
61000000,DreamWorks,USA,Josh Gordon,Comedy,118594548,Blades of Glory,PG-13,3/30/2007,100,6.3,Will Ferrell,137537,Jeff Cox,2007,194.4172918
150000000,Pixar Animation Studios,USA,Brad Bird,Animation,206445654,Ratatouille,G,6/29/2007,111,8,Brad Garrett,516560,Brad Bird,2007,137.630436
10000000,Twisted Pictures,USA,Darren Lynn Bousman,Horror,63300095,Saw IV,R,10/26/2007,93,5.9,Tobin Bell,119307,Patrick Melton,2007,633.00095
25000000,Paramount Vantage,USA,Ethan Coen,Crime,74283625,No Country for Old Men,R,11/21/2007,122,8.1,Tommy Lee Jones,679346,Joel Coen,2007,297.1345
45000000,Warner Bros.,USA,Rob Reiner,Adventure,93466502,The Bucket List,PG-13,1/11/2008,97,7.4,Jack Nicholson,198697,Justin Zackham,2007,207.7033378
14000000,Rainforest Films,USA,Sylvain White,Drama,61356221,Stomp the Yard,PG-13,1/12/2007,100,5.3,Columbus Short,20221,Robert Adetuyi,2007,438.2587214
25000000,Dimension Films,USA,Mikael Håfström,Horror,71985628,1408,PG-13,6/22/2007,104,6.8,John Cusack,226504,Matt Greenberg,2007,287.942512
75000000,New Line Cinema,USA,Adam Shankman,Comedy,118871849,Hairspray,PG,7/20/2007,117,6.7,John Travolta,104717,Leslie Dixon,2007,158.4957987
15000000,Dimension Films,USA,Rob Zombie,Horror,58272029,Halloween,R,8/31/2007,109,6.1,Scout Taylor-Compton,93548,Rob Zombie,2007,388.4801933
85000000,Walt Disney Pictures,USA,Kevin Lima,Animation,127807262,Enchanted,PG,11/21/2007,107,7.1,Amy Adams,153161,Bill Kelly,2007,150.3614847
15000000,Lions Gate Films,USA,Tyler Perry,Comedy,55184721,Why Did I Get Married?,PG-13,10/12/2007,100,5.7,Tyler Perry,10288,Tyler Perry,2007,367.89814
13000000,Facilitator Films,USA,Preston A. Whitmore II,Comedy,49121934,This Christmas,PG-13,11/21/2007,100,6.2,Regina King,7027,Preston A. Whitmore II,2007,377.8610308
60000000,DreamWorks,USA,Brian Robbins,Comedy,95673607,Norbit,PG-13,2/9/2007,100,4,Eddie Murphy,56668,Eddie Murphy,2007,159.4560117
85000000,Universal Pictures,USA,Dennis Dugan,Comedy,120059556,I Now Pronounce You Chuck & Larry,PG-13,7/20/2007,115,6,Adam Sandler,126092,Barry Fanaro,2007,141.2465365
85000000,Warner Bros.,USA,Steven Soderbergh,Crime,117154724,Ocean's Thirteen,PG-13,6/8/2007,122,6.9,George Clooney,274708,Brian Koppelman,2007,137.8290871
100000000,Universal Pictures,USA,Ridley Scott,Biography,130164645,American Gangster,R,11/2/2007,157,7.8,Denzel Washington,342994,Steven Zaillian,2007,130.164645
20000000,TriStar Pictures,USA,Mennan Yapo,Drama,47852604,Premonition,PG-13,3/16/2007,96,5.9,Sandra Bullock,65327,Bill Kelly,2007,239.26302
110000000,Twentieth Century Fox Film Corporation,USA,Len Wiseman,Action,134529403,Live Free or Die Hard,PG-13,6/27/2007,128,7.2,Bruce Willis,352297,Mark Bomback,2007,122.2994573
25000000,Samuels Media,USA,Tony Gilroy,Crime,49033882,Michael Clayton,R,10/12/2007,119,7.3,George Clooney,140798,Tony Gilroy,2007,196.135528
30000000,Alcon Entertainment,USA,Richard LaGravenese,Drama,53695808,P.S. I Love You,PG-13,12/21/2007,126,7.1,Hilary Swank,180134,Richard LaGravenese,2007,178.9860267
25000000,Touchstone Pictures,USA,Peter Hedges,Comedy,47642963,Dan in Real Life,PG-13,10/26/2007,98,6.8,Steve Carell,89881,Pierce Gardner,2007,190.571852
28000000,Revolution Studios,Canada,Steve Carr,Comedy,49631958,Are We Done Yet?,PG,4/4/2007,92,4,Ice Cube,16749,Hank Nelken,2007,177.2569929
10000000,Lions Gate Films,USA,Tyler Perry,Drama,31339647,Daddy's Little Girls,PG-13,2/14/2007,100,5.5,Gabrielle Union,6254,Tyler Perry,2007,313.39647
30000000,Universal Pictures,UK,Joe Wright,Drama,50927067,Atonement,R,1/11/2008,123,7.8,Keira Knightley,207447,Ian McEwan,2007,169.75689
34000000,Imagi Animation Studios,Hong Kong,Kevin Munroe,Animation,54149098,TMNT: Las Tortugas Ninja,PG,3/23/2007,87,6.3,Patrick Stewart,55759,Kevin Munroe,2007,159.2620529
20000000,Regency Enterprises,USA,Jason Friedberg,Adventure,39739367,Epic Movie,PG-13,1/26/2007,86,2.3,Kal Penn,93481,Jason Friedberg,2007,198.696835
16000000,Screen Gems,USA,Danny Pang,Horror,35374833,The Messengers,PG-13,2/2/2007,90,5.4,Dylan McDermott,35022,Mark Wheaton,2007,221.0927063
1500000,Night and Day Pictures,USA,Adrienne Shelly,Comedy,19067631,Waitress,PG-13,5/25/2007,108,7,Keri Russell,39286,Adrienne Shelly,2007,1271.1754
24000000,Twentieth Century Fox Film Corporation,France,Xavier Gens,Action,39687694,Hitman - Agente 47,R,11/21/2007,100,6.3,Timothy Olyphant,146777,Skip Woods,2007,165.3653917
21000000,Paramount Pictures,Germany,Richard LaGravenese,Biography,36605602,Escritores de la libertad,PG-13,1/5/2007,123,7.5,Hilary Swank,56827,Richard LaGravenese,2007,174.3123905
15000000,Harpo Films,USA,Denzel Washington,Biography,30226144,The Great Debaters,PG-13,12/25/2007,126,7.6,Denzel Washington,50295,Robert Eisele,2007,201.5076267
25000000,Paramount Vantage,USA,Paul Thomas Anderson,Drama,40222514,There Will Be Blood,R,1/25/2008,158,8.1,Daniel Day-Lewis,412459,Paul Thomas Anderson,2007,160.890056
28000000,Castle Rock Entertainment,USA,Scott Hicks,Comedy,43107979,No Reservations,PG,7/27/2007,104,6.3,Catherine Zeta-Jones,62276,Carol Fuchs,2007,153.9570679
15000000,Fox Atomic,UK,Juan Carlos Fresnadillo,Drama,28638916,28 Weeks Later,R,5/11/2007,100,7,Jeremy Renner,225731,Rowan Joffe,2007,190.9261067
40000000,Castle Rock Entertainment,USA,Marc Lawrence,Comedy,50572589,Music and Lyrics,PG-13,2/14/2007,95,6.5,Hugh Grant,86258,Marc Lawrence,2007,126.4314725
10000000,Twentieth Century Fox Film Corporation,USA,Robert Ben Garant,Comedy,20342161,Reno 911!: Miami,R,2/23/2007,100,5.9,Thomas Lennon,24543,Robert Ben Garant,2007,203.42161
25000000,Lionsgate,USA,Mark Helfrich,Comedy,34925283,Good Luck Chuck,R,9/21/2007,101,5.6,Dane Cook,77598,Josh Stolberg,2007,139.701132
300000000,Walt Disney Pictures,USA,Gore Verbinski,Action,309420425,Pirates of the Caribbean: At World's End,PG-13,5/25/2007,169,7.1,Johnny Depp,514191,Ted Elliott,2007,103.1401417
35000000,Warner Bros.,USA,Ken Kwapis,Comedy,43799818,License to Wed,PG-13,7/3/2007,91,5.3,Mandy Moore,33769,Kim Barker,2007,125.1423371
20000000,Metro-Goldwyn-Mayer (MGM),USA,Bruce A. Evans,Crime,28476219,Mr. Brooks,R,6/1/2007,120,7.3,Kevin Costner,129919,Bruce A. Evans,2007,142.381095
25000000,Universal Pictures,UK,Steve Bendelack,Comedy,33302167,Mr. Bean's Holiday,PG,8/24/2007,90,6.3,Rowan Atkinson,96177,Rowan Atkinson,2007,133.208668
10000000,Lionsgate,USA,Eli Roth,Horror,17609452,Hostel: Part II,R,6/8/2007,94,5.5,Lauren German,74531,Eli Roth,2007,176.09452
18000000,Dimension Films,USA,Frank Darabont,Horror,25593755,The Mist,R,11/21/2007,126,7.2,Thomas Jane,239527,Frank Darabont,2007,142.1875278
32000000,Columbia Pictures,USA,David Slade,Horror,39568996,30 Days of Night,R,10/19/2007,113,6.6,Josh Hartnett,146606,Steve Niles,2007,123.6531125
21000000,Columbia Pictures,USA,James Gray,Crime,28563179,We Own the Night,R,10/12/2007,117,6.9,Joaquin Phoenix,75706,James Gray,2007,136.0151381
10000000,Focus Features,USA,Dave Meyers,Horror,16472961,The Hitcher,R,1/19/2007,84,5.6,Sean Bean,36616,Eric Red,2007,164.72961
20000000,The Weinstein Company,USA,Shari Springer Berman,Comedy,25925170,The Nanny Diaries,PG-13,8/24/2007,106,6.2,Scarlett Johansson,51024,Emma McLaughlin,2007,129.62585
15000000,Fox Atomic,USA,Martin Weisz,Action,20804166,The Hills Have Eyes II,R,3/23/2007,89,5.1,Daniella Alonso,53021,Wes Craven,2007,138.69444
110000000,Columbia Pictures Corporation,USA,Mark Steven Johnson,Action,115802596,Ghost Rider,PG-13,2/16/2007,114,5.2,Nicolas Cage,194164,Mark Steven Johnson,2007,105.2750873
8600000,The Weinstein Company,USA,Joby Harold,Crime,14377198,Awake,R,11/30/2007,84,6.5,Hayden Christensen,66246,Joby Harold,2007,167.1767209
45000000,Constantin Film,France,Russell Mulcahy,Action,50648679,Resident Evil: Extinction,R,9/21/2007,94,6.3,Milla Jovovich,162711,Paul W.S. Anderson,2007,112.55262
20000000,Warner Bros.,USA,Andrew Fleming,Comedy,25612520,Nancy Drew,PG,6/15/2007,99,5.9,Emma Roberts,16948,Andrew Fleming,2007,128.0626
22000000,New Line Cinema,USA,Craig Gillespie,Comedy,25628629,Mr. Woodcock,PG-13,9/14/2007,100,5.2,Billy Bob Thornton,32229,Michael Carnes,2007,116.4937682
15000000,Paramount Vantage,USA,Sean Penn,Adventure,18352454,Into the Wild,R,10/19/2007,148,8.1,Emile Hirsch,471946,Sean Penn,2007,122.3496933
32000000,New Line Cinema,USA,Joel Schumacher,Mystery,35193167,The Number 23,R,2/23/2007,101,6.4,Jim Carrey,174137,Fernley Phillips,2007,109.9786469
50000000,DreamWorks,USA,Tim Burton,Drama,52898073,Sweeney Todd: The Demon Barber of Fleet Street,R,12/21/2007,116,7.4,Johnny Depp,301732,John Logan,2007,105.796146
16500000,HanWay Films,UK,Julian Jarrold,Biography,18670946,Becoming Jane,PG,8/10/2007,120,7.1,Anne Hathaway,50326,Jane Austen,2007,113.1572485
130000000,Twentieth Century Fox Film Corporation,USA,Tim Story,Action,131921738,Fantastic 4: Rise of the Silver Surfer,PG,6/15/2007,92,5.6,Ioan Gruffudd,223740,Don Payne,2007,101.47826
40000000,Twentieth Century Fox Film Corporation,USA,Colin Strause,Action,41797066,Aliens vs. Predator: Requiem,R,12/25/2007,94,4.7,Reiko Aylesworth,100087,Shane Salerno,2007,104.492665
30000000,Warner Bros.,USA,Kirsten Sheridan,Drama,31655091,August Rush,PG,11/21/2007,114,7.5,Freddie Highmore,92924,Nick Castle,2007,105.51697
19000000,LivePlanet,USA,Ben Affleck,Crime,20300218,Gone Baby Gone,R,10/19/2007,114,7.7,Morgan Freeman,212956,Ben Affleck,2007,106.8432526
10000000,Castle Rock Entertainment,USA,Jon Kasdan,Comedy,11043445,In the Land of Women,PG-13,4/20/2007,97,6.5,Adam Brody,28844,Jon Kasdan,2007,110.43445
40000000,Revolution Studios,New Zealand,Jay Russell,Adventure,40412817,Mi mascota es un monstruo,PG,12/25/2007,112,6.5,Emily Watson,33637,Robert Nelson Jacobs,2007,101.0320425
19000000,Screen Gems,USA,Nimród Antal,Horror,19363565,Vacancy,R,4/20/2007,85,6.2,Kate Beckinsale,84066,Mark L. Smith,2007,101.9135
3500000,Odyssey Entertainment,USA,Helen Hunt,Comedy,3735303,Then She Found Me,R,5/9/2008,100,6,Helen Hunt,8895,Alice Arlen,2007,106.7229429
140000000,New Line Cinema,USA,Brett Ratner,Action,140125968,Rush Hour 3,PG-13,8/10/2007,91,6.2,Jackie Chan,130138,Jeff Nathanson,2007,100.0899771
20000000,Relativity Media,USA,Mike Binder,Drama,19661987,Reign Over Me,R,3/23/2007,124,7.5,Adam Sandler,86887,Mike Binder,2007,98.309935
9000000,Sidney Kimmel Entertainment,USA,Frank Oz,Comedy,8579684,Death at a Funeral,R,9/7/2007,87,7.4,Matthew Macfadyen,95249,Dean Craig,2007,95.32982222
2000000,Artfire Films,USA,George A. Romero,Horror,958961,Diary of the Dead,R,2/22/2008,95,5.7,Michelle Morgan,42332,George A. Romero,2007,47.94805
20000000,Morgan Creek Productions,USA,Garry Marshall,Comedy,18882880,Georgia Rule,R,5/11/2007,100,5.9,Jane Fonda,21482,Mark Andrus,2007,94.4144
55000000,Lionsgate,USA,James Mangold,Adventure,53606916,3:10 to Yuma,R,9/7/2007,122,7.7,Russell Crowe,252471,Halsted Welles,2007,97.46712
25000000,Lionsgate,USA,Philip G. Atwell,Action,22466994,War,R,8/24/2007,103,6.3,Jet Li,76529,Lee Anthony Smith,2007,89.867976
2600000,Rifkin-Eberts,USA,Tony Giglio,Horror,50000,Timber Falls,R,5/23/2008,100,5.3,Josh Randall,5236,Dan Kay,2007,1.923076923
2600000,Karbo Vantas Entertainment,Spain,Nacho Vigalondo,Horror,38108,Rewind,R,2/6/2009,92,7.2,Karra Elejalde,46642,Nacho Vigalondo,2007,1.465692308
7300000,2.4.7. Films,France,Vincent Paronnaud,Animation,4443403,Persépolis,PG-13,2/22/2008,96,8.1,Chiara Mastroianni,75802,Marjane Satrapi,2007,60.86853425
20000000,Universal Pictures,USA,James Wan,Horror,16809076,Dead Silence,R,3/16/2007,89,6.2,Ryan Kwanten,73126,Leigh Whannell,2007,84.04538
3500000,Medusa Film,Italy,Dario Argento,Horror,58669,Mother of Tears,R,2/10/2010,102,5.1,Asia Argento,7679,Jace Anderson,2007,1.676257143
3750000,Deerjen Films,USA,Deborah Kampmeier,Drama,128092,Hounddog,R,1/22/2007,100,6.3,Dakota Fanning,5408,Deborah Kampmeier,2007,3.415786667
3800000,A-Team,Japan,Takashi Miike,Action,48034,Sukiyaki Western Django,R,9/15/2007,121,6.3,Hideaki Itô,13379,Takashi Miike,2007,1.264052632
4000000,Australian Film Finance Corporation (AFFC),Australia,Rod Hardy,Drama,46474,Un verano para toda la vida,PG-13,11/2/2007,105,6.6,Daniel Radcliffe,10900,Ronald Kinnoch,2007,1.16185
4000000,Zazen Produções,Brazil,José Padilha,Action,8060,Elite Squad,R,5/30/2008,115,8.1,Wagner Moura,86772,André Batista,2007,0.2015
8000000,P2 Productions,USA,Franck Khalfoun,Crime,3992339,P2,R,11/9/2007,98,5.9,Rachel Nichols,27335,Alexandre Aja,2007,49.9042375
4600000,Celluloid Dreams,France,Tom Kalin,Drama,434417,Savage Grace,NOT RATED,1/25/2008,97,5.9,Julianne Moore,9518,Howard A. Rodman,2007,9.443847826
20000000,DreamWorks,USA,Marc Forster,Drama,15800078,The Kite Runner,PG-13,1/11/2008,128,7.6,Khalid Abdalla,71096,David Benioff,2007,79.00039
12000000,360 Pictures,USA,Chris Sivertson,Mystery,7498716,I Know Who Killed Me,R,7/27/2007,100,3.6,Lindsay Lohan,23832,Jeff Hammond,2007,62.4893
16500000,Morgan Creek Productions,USA,Joe Nussbaum,Comedy,11892415,Sydney White,PG-13,9/21/2007,108,6.3,Amanda Bynes,40178,Chad Gomez Creasey,2007,72.07524242
5000000,American Zoetrope,USA,Francis Ford Coppola,Drama,244397,Youth Without Youth,R,10/26/2007,124,6.3,Tim Roth,11873,Mircea Eliade,2007,4.88794
5000000,Avenue Pictures,USA,Daniel Waters,Comedy,23563,Sex and Death 101,R,2/22/2008,117,6,Robert Wisdom,9860,Daniel Waters,2007,0.47126
6000000,B&W; Films,USA,Jeffrey Blitz,Comedy,712391,Rocket Science,R,9/28/2007,101,6.7,Reece Thompson,12086,Jeffrey Blitz,2007,11.87318333
17500000,Fox Searchlight Pictures,USA,Wes Anderson,Adventure,11902715,The Darjeeling Limited,R,10/26/2007,91,7.2,Owen Wilson,149906,Wes Anderson,2007,68.01551429
6000000,Blueprint Pictures,USA,Gregory Jacobs,Drama,20146,Wind Chill,R,8/3/2007,91,5.9,Emily Blunt,18857,Joe Gangemi,2007,0.335766667
12000000,Metro-Goldwyn-Mayer (MGM),USA,Craig Gillespie,Comedy,5972884,Lars and the Real Girl,PG-13,11/2/2007,106,7.4,Ryan Gosling,122310,Nancy Oliver,2007,49.77403333
20000000,Fox Atomic,USA,Tom Brady,Comedy,13349251,The Comebacks,PG-13,10/19/2007,107,4.2,David Koechner,10302,Ed Yeager,2007,66.746255
16000000,Paramount Vantage,USA,Michael Winterbottom,Biography,9176787,A Mighty Heart,R,6/22/2007,108,6.7,Angelina Jolie,24917,John Orloff,2007,57.35491875
8000000,Hyde Park Entertainment,Canada,Stuart Townsend,Action,223537,Battle in Seattle,R,5/7/2008,99,6.7,André Benjamin,13248,Stuart Townsend,2007,2.7942125
10000000,Scott Rudin Productions,USA,Noah Baumbach,Comedy,1959420,Margot at the Wedding,R,12/14/2007,93,6.1,Nicole Kidman,16620,Noah Baumbach,2007,19.5942
12000000,Metro-Goldwyn-Mayer (MGM),USA,Jon Poll,Comedy,3950294,Charlie Bartlett,R,2/22/2008,97,7,Anton Yelchin,58595,Gustin Nash,2007,32.91911667
75000000,Universal Pictures,USA,Mike Nichols,Biography,66661095,Charlie Wilson's War,R,12/21/2007,102,7.1,Tom Hanks,94070,Aaron Sorkin,2007,88.88146
10000000,Block 2 Pictures,Hong Kong,Kar-Wai Wong,Drama,866778,Noches púrpuras,PG-13,4/4/2008,95,6.7,Norah Jones,46741,Kar-Wai Wong,2007,8.66778
30000000,Hollywood Pictures,USA,David S. Goyer,Crime,20568319,The Invisible,PG-13,4/27/2007,102,6.3,Justin Chatwin,32253,Mick Davis,2007,68.56106333
20000000,Twentieth Century Fox Film Corporation,USA,Marcus Nispel,Action,10232081,Pathfinder,R,4/13/2007,99,5.4,Karl Urban,38839,Laeta Kalogridis,2007,51.160405
10000000,NALA Films,USA,Jieho Lee,Crime,25775,The Air I Breathe,R,10/17/2008,95,6.9,Brendan Fraser,32130,Jieho Lee,2007,0.25775
20000000,Avi Arad & Associates,USA,Sean McNamara,Comedy,10005534,Bratz,PG,8/3/2007,100,2.9,Skyler Shaye,15573,Susan Estelle Jansen,2007,50.02767
15000000,Haishang Films,USA,Ang Lee,Drama,4602512,"Lust, Caution",NC-17,10/26/2007,157,7.6,Tony Chiu-Wai Leung,32328,Eileen Chang,2007,30.68341333
20000000,Twentieth Century Fox Film Corporation,USA,James Wan,Action,9525276,Death Sentence,R,8/31/2007,105,6.8,Kevin Bacon,62804,Ian Mackenzie Jeffers,2007,47.62638
11000000,Focus Features,USA,Terry George,Crime,121994,Reservation Road,R,8/22/2008,102,6.7,Joaquin Phoenix,19672,John Burnham Schwartz,2007,1.109036364
18000000,Capitol Films,USA,Sidney Lumet,Crime,7083025,Before the Devil Knows You're Dead,R,10/26/2007,117,7.3,Philip Seymour Hoffman,85707,Kelly Masterson,2007,39.35013889
16000000,Miramax,USA,Scott Frank,Crime,4600585,The Lookout,R,3/30/2007,99,7.1,Joseph Gordon-Levitt,52730,Scott Frank,2007,28.75365625
15000000,Metro-Goldwyn-Mayer (MGM),USA,Katja von Garnier,Drama,3525161,Blood and Chocolate,PG-13,1/26/2007,100,5.5,Agnes Bruckner,15964,Ehren Kruger,2007,23.50107333
12000000,Lionsgate,Germany,Marco Kreuzpaintner,Crime,214202,Crimen sin perdón,R,4/18/2008,120,7.4,Kevin Kline,15474,Jose Rivera,2007,1.785016667
16000000,DreamWorks,USA,Susanne Bier,Drama,3287315,Things We Lost in the Fire,R,10/19/2007,118,7.2,Halle Berry,25351,Allan Loeb,2007,20.54571875
30000000,Millennium Films,USA,Jon Avnet,Crime,16930884,88 Minutes,R,4/18/2008,108,5.9,Al Pacino,68510,Gary Scott Thompson,2007,56.43628
15000000,Celluloid Dreams,USA,Michael Haneke,Crime,1294640,Funny Games,R,9/26/2008,111,6.5,Naomi Watts,75924,Michael Haneke,2007,8.630933333
61000000,Paramount Pictures,USA,Antoine Fuqua,Action,47003582,Shooter,R,3/23/2007,124,7.2,Mark Wahlberg,273032,Jonathan Lemkin,2007,77.05505246
20000000,CTB Film Company,Russia,Sergei Bodrov,Adventure,5701643,Mongol: The Rise of Genghis Khan,R,7/4/2008,126,7.3,Tadanobu Asano,39640,Arif Aliev,2007,28.508215
17000000,Captivity Productions,USA,Roland Joffé,Crime,2626800,Captivity,R,7/13/2007,96,4.7,Elisha Cuthbert,21178,Larry Cohen,2007,15.45176471
40000000,Warner Bros.,USA,Stephen Hopkins,Horror,25117498,The Reaping,R,4/5/2007,99,5.7,Hilary Swank,38837,Carey Hayes,2007,62.793745
20000000,Killer Films,Germany,Todd Haynes,Biography,4017609,Mi historia sin mi,R,12/7/2007,135,7,Christian Bale,50599,Todd Haynes,2007,20.088045
35000000,Apatow Productions,USA,Jake Kasdan,Comedy,18317151,Walk Hard: The Dewey Cox Story,R,12/21/2007,96,6.7,John C. Reilly,58230,Judd Apatow,2007,52.33471714
27500000,Anonymous Content,USA,Gavin Hood,Drama,9736045,Rendition,R,10/19/2007,122,6.8,Reese Witherspoon,49635,Kelley Sane,2007,35.4038
20000000,Magnolia Pictures,UK,Michael Radford,Crime,1200234,Flawless,PG-13,3/28/2008,108,6.8,Demi Moore,20482,Edward Anderson,2007,6.00117
20000000,Rhombus Media,Canada,François Girard,Drama,1103075,Retrato de amor,R,9/21/2007,107,5.9,Michael Pitt,9922,Alessandro Baricco,2007,5.515375
26000000,Chicago Pictures,USA,Andy Cheng,Action,6877133,Redline,PG-13,4/13/2007,100,4,Nathan Phillips,8133,Robert Foreman,2007,26.45051154
27000000,New Line Cinema,USA,Menno Meyjes,Comedy,7486906,Martian Child,PG,11/2/2007,106,6.8,John Cusack,18187,Seth Bass,2007,27.72928148
35000000,Metro-Goldwyn-Mayer (MGM),USA,Robert Redford,Drama,14998070,Lions for Lambs,R,11/9/2007,92,6.2,Tom Cruise,42926,Matthew Michael Carnahan,2007,42.85162857
45000000,Revolution Studios,USA,Julie Taymor,Drama,24343673,Across the Universe,PG-13,10/12/2007,133,7.4,Evan Rachel Wood,96537,Dick Clement,2007,54.09705111
50000000,Young Hannibal Productions,UK,Peter Webber,Crime,27670986,Hannibal Rising,R,2/9/2007,121,6.2,Gaspard Ulliel,91666,Thomas Harris,2007,55.341972
70000000,Universal Pictures,USA,Peter Berg,Action,47536778,The Kingdom,R,9/28/2007,110,7.1,Jamie Foxx,106339,Matthew Michael Carnahan,2007,67.90968286
60000000,DreamWorks,USA,Bobby Farrelly,Comedy,36787257,The Heartbreak Kid,R,10/5/2007,116,5.8,Ben Stiller,75859,Scot Armstrong,2007,61.312095
150000000,DreamWorks Animation,USA,Simon J. Smith,Animation,126631277,Bee Movie,PG,11/2/2007,91,6.1,Jerry Seinfeld,115409,Jerry Seinfeld,2007,84.42085133
35000000,Showbox Entertainment,South Korea,Hyung-rae Shim,Action,10977721,Dragon Wars: D-War,PG-13,9/14/2007,107,3.6,Jason Behr,22050,Hyung-rae Shim,2007,31.36491714
25000000,Intermedia,USA,Richard Shepard,Adventure,969869,The Hunting Party,R,9/21/2007,101,6.9,Richard Gere,22857,Richard Shepard,2007,3.879476
30000000,Warner Bros.,USA,Andrew Dominik,Biography,3904982,The Assassination of Jesse James by the Coward Robert Ford,R,10/19/2007,160,7.5,Brad Pitt,146553,Andrew Dominik,2007,13.01660667
39000000,New Line Cinema,USA,Michael Davis,Action,12807139,Shoot 'Em Up,R,9/7/2007,86,6.7,Clive Owen,134902,Michael Davis,2007,32.83881795
53000000,Dimension Films,USA,Robert Rodriguez,Action,25031037,Grindhouse,R,4/6/2007,191,7.6,Kurt Russell,162394,Robert Rodriguez,2007,47.2283717
100000000,Warner Bros.,USA,David Dobkin,Comedy,72006777,Fred Claus,PG,11/9/2007,116,5.6,Vince Vaughn,33861,Dan Fogelman,2007,72.006777
35000000,Dino De Laurentiis Company,UK,Doug Lefler,Action,5932060,The Last Legion,PG-13,8/17/2007,102,5.4,Colin Firth,30987,Jez Butterworth,2007,16.94874286
70000000,Paramount Pictures,UK,Matthew Vaughn,Adventure,38634938,Stardust,PG-13,8/10/2007,127,7.7,Charlie Cox,224119,Jane Goldman,2007,55.19276857
65000000,Paramount Pictures,USA,David Fincher,Crime,33080084,Zodiac,R,3/2/2007,157,7.7,Jake Gyllenhaal,343160,James Vanderbilt,2007,50.89243692
65000000,Mandate Pictures,USA,Zach Helm,Comedy,32061555,Mr. Magorium's Wonder Emporium,G,11/16/2007,93,6.2,Natalie Portman,37538,Zach Helm,2007,49.32546923
70000000,Warner Bros.,USA,Neil Jordan,Crime,36793804,The Brave One,R,9/14/2007,122,6.8,Jodie Foster,52932,Roderick Taylor,2007,52.56257714
45000000,Twentieth Century Fox Film Corporation,USA,David L. Cunningham,Adventure,8791738,The Seeker: The Dark Is Rising,PG,10/5/2007,99,4.8,Alexander Ludwig,13682,John Hodge,2007,19.53719556
60795000,Revolution Studios,USA,James Foley,Crime,23984949,Perfect Stranger,R,4/13/2007,109,5.7,Halle Berry,39651,Todd Komarnicki,2007,39.4521737
55000000,Universal Pictures,UK,Shekhar Kapur,Biography,16285240,Elizabeth: The Golden Age,PG-13,10/12/2007,114,6.9,Cate Blanchett,58073,William Nicholson,2007,29.60952727
45000000,New Line Cinema,USA,Mike Newell,Drama,4607608,Love in the Time of Cholera,R,11/16/2007,139,6.4,Javier Bardem,20111,Ronald Harwood,2007,10.23912889
100000000,Columbia Pictures,USA,Ash Brannon,Animation,58867694,Surf's Up,PG,6/8/2007,85,6.7,Shia LaBeouf,57904,Don Rhymer,2007,58.867694
55000000,Warner Bros.,USA,Curtis Hanson,Drama,5755286,Lucky You,PG-13,5/4/2007,124,5.9,Eric Bana,18870,Eric Roth,2007,10.46415636
70000000,Paramount Pictures,USA,Lee Tamahori,Action,18211013,Next,PG-13,4/27/2007,96,6.2,Nicolas Cage,131848,Gary Goldman,2007,26.01573286
150000000,Walt Disney Animation Studios,USA,Stephen J. Anderson,Animation,97822171,Meet the Robinsons,G,3/30/2007,95,6.9,Daniel Hansen,72807,Jon Bernstein,2007,65.21478067
60000000,Boll Kino Beteiligungs GmbH & Co. KG,Germany,Uwe Boll,Action,4535117,In the Name of the King: A Dungeon Siege Tale,PG-13,1/11/2008,127,3.8,Jason Statham,39999,Doug Taylor,2007,7.558528333
80000000,Warner Bros.,USA,Oliver Hirschbiegel,Sci-Fi,15071514,The Invasion,PG-13,8/17/2007,99,5.9,Nicole Kidman,67939,David Kajganich,2007,18.8393925
150000000,Paramount Pictures,USA,Robert Zemeckis,Animation,82161969,Beowulf,PG-13,11/16/2007,115,6.2,Ray Winstone,148203,Neil Gaiman,2007,54.774646
175000000,Universal Pictures,USA,Tom Shadyac,Comedy,100462298,Evan Almighty,PG,6/22/2007,96,5.4,Steve Carell,121468,Steve Oedekerk,2007,57.40702743
180000000,New Line Cinema,UK,Chris Weitz,Adventure,70107728,The Golden Compass,PG-13,12/7/2007,113,6.1,Nicole Kidman,157342,Chris Weitz,2007,38.94873778
