budget,company,country,director,genre,gross,name,rating,released,runtime,score,star,votes,writer,year,profit
93000000,New Line Cinema,New Zealand,Peter Jackson,Adventure,315544750,The Lord of the Rings: The Fellowship of the Ring,PG-13,12/19/2001,178,8.8,Elijah Wood,1352483,J.R.R. Tolkien,2001,339.2954301
60000000,DreamWorks Animation,USA,Andrew Adamson,Animation,267665011,Shrek,PG,5/18/2001,90,7.9,Mike Myers,506495,William Steig,2001,446.1083517
125000000,Warner Bros.,UK,Chris Columbus,Adventure,317575550,Harry Potter and the Sorcerer's Stone,PG,11/16/2001,152,7.5,Daniel Radcliffe,499582,J.K. Rowling,2001,254.06044
115000000,Pixar Animation Studios,USA,Pete Docter,Animation,289916256,"Monsters, Inc.",G,11/2/2001,92,8.1,Billy Crystal,652440,Pete Docter,2001,252.1010922
90000000,New Line Cinema,USA,Brett Ratner,Action,226164286,Rush Hour 2,PG-13,8/3/2001,90,6.6,Jackie Chan,171603,Ross LaManna,2001,251.2936511
30000000,LivePlanet,USA,J.B. Rogers,Comedy,145103595,American Pie 2,R,8/10/2001,108,6.4,Jason Biggs,211629,Adam Herz,2001,483.67865
58000000,Universal Pictures,USA,Ron Howard,Biography,170742341,A Beautiful Mind,PG-13,1/4/2002,135,8.2,Russell Crowe,681379,Akiva Goldsman,2001,294.3833466
38000000,Universal Pictures,USA,Rob Cohen,Action,144533925,The Fast and the Furious,PG-13,6/22/2001,106,6.7,Vin Diesel,295769,Ken Li,2001,380.3524342
98000000,Universal Pictures,USA,Stephen Sommers,Action,202019785,The Mummy Returns,PG-13,5/4/2001,130,6.3,Brendan Fraser,264562,Stephen Sommers,2001,206.1426378
85000000,Warner Bros.,USA,Steven Soderbergh,Crime,183405771,Ocean's Eleven,PG-13,12/7/2001,116,7.8,George Clooney,434421,George Clayton Johnson,2001,215.7714953
93000000,Universal Pictures,USA,Joe Johnston,Action,181171875,Jurassic Park III,PG-13,7/18/2001,92,5.9,Sam Neill,239644,Michael Crichton,2001,194.8084677
26000000,Walt Disney Pictures,USA,Garry Marshall,Comedy,108248956,The Princess Diaries,G,8/3/2001,111,6.3,Julie Andrews,103820,Meg Cabot,2001,416.3421385
100000000,Twentieth Century Fox Film Corporation,USA,Tim Burton,Action,180011740,Planet of the Apes,PG-13,7/27/2001,119,5.7,Mark Wahlberg,189575,Pierre Boulle,2001,180.01174
17000000,Cruise/Wagner Productions,Spain,Alejandro Amenábar,Horror,96522687,Los otros,PG-13,8/10/2001,101,7.6,Nicole Kidman,291033,Alejandro Amenábar,2001,567.7805118
18000000,Metro-Goldwyn-Mayer (MGM),USA,Robert Luketic,Comedy,96520674,Legally Blonde,PG-13,7/13/2001,96,6.2,Reese Witherspoon,145161,Amanda Brown,2001,536.2259667
87000000,Metro-Goldwyn-Mayer (MGM),USA,Ridley Scott,Crime,165092268,Hannibal,R,2/9/2001,131,6.8,Anthony Hopkins,221016,Thomas Harris,2001,189.7612276
13000000,Cort/Madden Productions,USA,Thomas Carter,Drama,91057006,Save the Last Dance,PG-13,1/12/2001,112,6.2,Julia Stiles,50689,Duane Adler,2001,700.4385077
35000000,Dimension Films,USA,Robert Rodriguez,Action,112719001,Spy Kids,PG,3/30/2001,88,5.4,Alexa PenaVega,90839,Robert Rodriguez,2001,322.0542886
140000000,Touchstone Pictures,USA,Michael Bay,Action,198542554,Pearl Harbor,PG-13,5/25/2001,183,6.1,Ben Affleck,272170,Randall Wallace,2001,141.81611
30000000,Paramount Pictures,USA,John A. Davis,Animation,80936232,Jimmy Neutron: Boy Genius,G,12/21/2001,82,6,Debi Derryberry,25867,John A. Davis,2001,269.78744
46000000,Revolution Studios,USA,Joe Roth,Comedy,93607673,America's Sweethearts,PG-13,7/20/2001,102,5.7,Julia Roberts,49618,Billy Crystal,2001,203.4949413
25000000,Miramax,UK,Sharon Maguire,Comedy,71543427,Bridget Jones's Diary,R,4/13/2001,97,6.7,Renée Zellweger,188905,Helen Fielding,2001,286.173708
70000000,Twentieth Century Fox Film Corporation,USA,Steve Carr,Comedy,112952899,Dr. Dolittle 2,PG,6/22/2001,87,4.7,Eddie Murphy,36199,Hugh Lofting,2001,161.3612843
1700000,Good Machine,USA,Todd Field,Crime,35930604,In the Bedroom,R,2/8/2002,130,7.5,Tom Wilkinson,33720,Robert Festinger,2001,2113.564941
60000000,Warner Bros.,USA,Lawrence Guterman,Action,93385515,Cats & Dogs,PG,7/4/2001,87,5.1,Alec Baldwin,48987,John Requa,2001,155.642525
68000000,Paramount Pictures,USA,Cameron Crowe,Fantasy,100614858,Vanilla Sky,R,12/14/2001,136,6.9,Tom Cruise,218433,Alejandro Amenábar,2001,147.9630265
45000000,Warner Bros.,USA,Antoine Fuqua,Crime,76631907,Training Day,R,10/5/2001,122,7.7,Denzel Washington,328937,David Ayer,2001,170.2931267
21000000,Touchstone Pictures,USA,Wes Anderson,Comedy,52364010,The Royal Tenenbaums,R,1/4/2002,110,7.6,Gene Hackman,225505,Wes Anderson,2001,249.3524286
40000000,Twentieth Century Fox Film Corporation,USA,Bobby Farrelly,Comedy,70836296,Shallow Hal,PG-13,11/9/2001,114,5.9,Jack Black,114670,Sean Moynihan,2001,177.09074
10000000,United Artists,Germany,Victor Salva,Horror,37904175,El demonio,R,8/31/2001,90,6.1,Gina Philips,94632,Victor Salva,2001,379.04175
4000000,Lee Daniels Entertainment,USA,Marc Forster,Drama,31252964,Monster's Ball,R,3/1/2002,111,7.1,Billy Bob Thornton,74601,Milo Addica,2001,781.3241
45000000,Dimension Films,USA,Keenen Ivory Wayans,Comedy,71308997,Scary Movie 2,R,7/4/2001,83,5.3,Anna Faris,127881,Shawn Wayans,2001,158.4644378
35000000,Columbia Pictures Corporation,Germany,Adam Shankman,Comedy,60400856,The Wedding Planner,PG-13,1/26/2001,103,5.2,Jennifer Lopez,65818,Pamela Falk,2001,172.5738743
15000000,Columbia Pictures Corporation,USA,Joel Gallen,Comedy,38252284,Not Another Teen Movie,R,12/14/2001,89,5.7,Chyler Leigh,85003,Mike Bender,2001,255.0152267
28000000,Miramax,USA,Peter Chelsom,Comedy,50294317,Serendipity,PG-13,10/5/2001,90,6.9,John Cusack,91590,Marc Klein,2001,179.6225607
19800000,USA Films,UK,Robert Altman,Comedy,41308615,Gosford Park,R,1/18/2002,131,7.3,Maggie Smith,68601,Julian Fellowes,2001,208.6293687
6000000,Screen Gems,USA,Gary Hardwick,Comedy,27457409,The Brothers,R,3/23/2001,106,6.4,Morris Chestnut,3480,Gary Hardwick,2001,457.6234833
40000000,Twentieth Century Fox Film Corporation,USA,John Moore,Action,59068786,Behind Enemy Lines,PG-13,11/30/2001,106,6.4,Gene Hackman,90731,Jim Thomas,2001,147.671965
22000000,New Line Cinema,USA,Jessie Nelson,Drama,40311852,I Am Sam,PG-13,1/25/2002,132,7.6,Sean Penn,128721,Kristine Johnson,2001,183.2356909
1200000,Fox Searchlight Pictures,USA,Jay Chandrasekhar,Comedy,18488314,Super Troopers,R,2/15/2002,100,7.1,Jay Chandrasekhar,80904,Jay Chandrasekhar,2001,1540.692833
28000000,Paramount Pictures,Germany,Ben Stiller,Comedy,45172250,Zoolander,PG-13,9/28/2001,90,6.6,Ben Stiller,215281,Drake Sather,2001,161.3294643
92000000,Revolution Studios,USA,Ridley Scott,Drama,108638745,Black Hawk Down,R,1/18/2002,144,7.7,Josh Hartnett,313611,Mark Bowden,2001,118.0855924
7000000,Bates Entertainment,USA,Doug McHenry,Comedy,23247539,Kingdom Come,PG,4/11/2001,94,5.7,LL Cool J,1846,David Dean Bottrell,2001,332.1077
115000000,Paramount Pictures,USA,Simon West,Action,131144183,Lara Croft: Tomb Raider,PG-13,6/15/2001,100,5.8,Angelina Jolie,167892,Sara B. Cooper,2001,114.03842
49000000,3 Arts Entertainment,Germany,Chris Weitz,Comedy,64186502,Estrenando Cuerpo,PG-13,2/16/2001,87,5.4,Chris Rock,19724,Elaine May,2001,130.9928612
60000000,Paramount Pictures,USA,Lee Tamahori,Drama,74078174,Along Came a Spider,R,4/6/2001,104,6.3,Morgan Freeman,62868,James Patterson,2001,123.4636233
23000000,Disney Television Animation,USA,Chuck Sheetz,Animation,36696761,Recess: School's Out,G,2/16/2001,82,6.6,Andrew Lawrence,7522,Paul Germain,2001,159.5511348
11000000,Touchstone Pictures,USA,Rob Pritts,Comedy,23978402,Corky Romano,PG-13,10/12/2001,86,4.6,Chris Kattan,11303,David Garrett,2001,217.9854727
16000000,Columbia Pictures,USA,John Singleton,Crime,28734552,Baby Boy,R,6/27/2001,130,6.4,AlexSandra Wright,10533,John Singleton,2001,179.59095
25000000,Twentieth Century Fox Film Corporation,France,Chris Nahon,Action,36845124,Kiss of the Dragon,R,7/6/2001,98,6.6,Jet Li,55439,Jet Li,2001,147.380496
2000000,Anhelo Producciones,Mexico,Alfonso Cuarón,Adventure,13622333,Y Tu Mamá También,R,4/26/2002,106,7.7,Maribel Verdú,97627,Alfonso Cuarón,2001,681.11665
20000000,Jersey Films,USA,Jesse Dylan,Comedy,31155435,How High,R,12/21/2001,93,6.3,Method Man,45777,Dustin Lee Abraham,2001,155.777175
5000000,Chickie the Cop,USA,Tim Blake Nelson,Drama,16017403,O,R,8/31/2001,95,6.2,Mekhi Phifer,17805,William Shakespeare,2001,320.34806
47000000,Revolution Studios,USA,Luke Greenfield,Comedy,57743062,The Animal,PG-13,6/1/2001,84,4.8,Rob Schneider,50142,Tom Brady,2001,122.8575787
10000000,Warner Bros.,USA,Jamie Blanks,Horror,20384136,Valentine,R,2/2/2001,96,4.7,Denise Richards,21498,Tom Savage,2001,203.84136
57000000,DreamWorks,USA,Gore Verbinski,Adventure,66808615,The Mexican,R,3/2/2001,123,6.1,Brad Pitt,91818,J.H. Wyman,2001,117.2080965
17700000,Columbia Pictures Corporation,USA,Dennie Gordon,Adventure,27087695,Joe Dirt,PG-13,4/11/2001,91,5.9,David Spade,44133,David Spade,2001,153.0378249
13000000,Screen Gems,USA,Mark Brown,Comedy,22235901,Two Can Play That Game,R,9/7/2001,90,6.1,Vivica A. Fox,4642,Mark Brown,2001,171.0453923
48000000,Paramount Pictures,USA,Jerry Zucker,Adventure,56618055,Rat Race,PG-13,8/17/2001,112,6.4,Breckin Meyer,97606,Andy Breckman,2001,117.9542813
32000000,Paramount Pictures,USA,Brian Robbins,Drama,40219708,Hardball,PG-13,9/14/2001,106,6.4,Keanu Reeves,23931,Daniel Coyle,2001,125.6865875
22000000,Dimension Films,USA,Kevin Smith,Comedy,30059386,Jay and Silent Bob Strike Back,R,8/24/2001,104,6.9,Jason Mewes,134314,Kevin Smith,2001,136.6335727
50000000,Twentieth Century Fox Film Corporation,Australia,Baz Luhrmann,Drama,57386607,Amor en rojo,PG-13,6/1/2001,127,7.6,Nicole Kidman,236999,Baz Luhrmann,2001,114.773214
1000000,Fox Searchlight Pictures,USA,Charles Herman-Wurmfeld,Comedy,7022940,Kissing Jessica Stein,R,4/5/2002,97,6.6,Jennifer Westfeldt,14583,Heather Juergensen,2001,702.294
3000000,i5 Films,USA,Scott McGehee,Crime,8821782,The Deep End,R,8/31/2001,101,6.7,Tilda Swinton,10111,Elisabeth Sanxay Holding,2001,294.0594
35000000,Davis Entertainment,USA,David Mirkin,Comedy,40334024,Heartbreakers,PG-13,3/23/2001,123,6.2,Sigourney Weaver,46273,Robert Dunn,2001,115.2400686
50000000,Regency Enterprises,USA,Gary Fleder,Drama,55001642,Don't Say a Word,R,9/28/2001,113,6.3,Michael Douglas,42609,Andrew Klavan,2001,110.003284
21150000,Bungalow Productions,Australia,Simon Wincer,Adventure,25635682,Cocodrilo Dundee en Hollywood,PG,4/20/2001,92,4.8,Paul Hogan,20819,Paul Hogan,2001,121.2088983
23000000,Fox 2000 Pictures,USA,Tony Goldwyn,Comedy,27338033,Someone Like You...,PG-13,3/30/2001,97,6.1,Ashley Judd,21020,Laura Zigman,2001,118.861013
250000,Blow Up Pictures,USA,Nicole Holofcener,Comedy,4186931,Lovely & Amazing,R,8/2/2002,91,6.9,Catherine Keener,6267,Nicole Holofcener,2001,1674.7724
13000000,Touchstone Pictures,USA,John Stockwell,Drama,16929123,Crazy/Beautiful,PG-13,6/29/2001,99,6.5,Kirsten Dunst,22201,Phil Hay,2001,130.2240231
7000000,Lions Gate Films,USA,DJ Pooh,Comedy,10097096,The Wash,R,11/14/2001,100,4.7,Dr. Dre,5897,DJ Pooh,2001,144.2442286
68000000,Paramount Pictures,USA,Frank Oz,Crime,71069884,The Score,R,7/13/2001,124,6.8,Robert De Niro,107003,Daniel E. Taylor,2001,104.5145353
11000000,Revolution Studios,USA,Gregory Poirier,Comedy,13558739,Tomcats,R,3/30/2001,95,5.3,Shannon Elizabeth,15912,Gregory Poirier,2001,123.2612636
11000000,New Line Cinema,USA,Francine McDougall,Comedy,13276953,Sugar & Spice,PG-13,1/26/2001,81,5.6,Marla Sokoloff,12035,Mandy Nelson,2001,120.6995727
11000000,New Line Cinema,USA,James Isaac,Action,13121555,Jason X,R,4/26/2002,91,4.4,Kane Hodder,41959,Victor Miller,2001,119.2868636
11000000,David Kirschner Productions,USA,Bill Paxton,Crime,13103828,Frailty,R,4/12/2002,100,7.3,Bill Paxton,65717,Brent Hanley,2001,119.1257091
50000000,Warner Bros.,USA,Andrzej Bartkowiak,Action,51758599,Exit Wounds,R,3/16/2001,101,5.5,Steven Seagal,28779,Ed Horowitz,2001,103.517198
700000,Alter Ego Entertainment,USA,Michael Cuesta,Crime,1141829,L.I.E.,R,11/14/2003,97,7.2,Brian Cox,8842,Stephen M. Ryder,2001,163.1184286
100000,Detour Filmproduction,USA,Richard Linklater,Drama,490475,Tape,R,7/12/2002,86,7.3,Ethan Hawke,16687,Stephen Belber,2001,490.475
5000000,Artisan Entertainment,USA,Jon Favreau,Comedy,5308707,Made,R,8/31/2001,95,6.4,Vince Vaughn,15620,Jon Favreau,2001,106.17414
14000000,Regency Enterprises,USA,Tom Green,Comedy,14249005,Freddy Got Fingered,R,4/20/2001,87,4.5,Tom Green,41235,Tom Green,2001,101.7786071
53000000,Apostle,USA,Ted Demme,Biography,52990775,Blow,R,4/6/2001,124,7.6,Johnny Depp,210713,Bruce Porter,2001,99.98259434
42000000,Warner Bros.,USA,Steve Beck,Horror,41867960,Thir13en Ghosts,R,10/26/2001,91,5.6,Tony Shalhoub,69143,Robb White,2001,99.68561905
7000000,United Artists,USA,Terry Zwigoff,Comedy,6217849,Ghost World,R,9/21/2001,111,7.4,Steve Buscemi,101596,Daniel Clowes,2001,88.82641429
48000000,Konrad Pictures,USA,James Mangold,Comedy,47121859,Kate & Leopold,PG-13,12/25/2001,118,6.4,Meg Ryan,69008,Steven Rogers,2001,98.17053958
23000000,Regency Enterprises,USA,John Dahl,Mystery,21973182,Joy Ride,R,10/5/2001,97,6.6,Steve Zahn,56355,Clay Tarver,2001,95.53557391
1500000,Fuller Films,USA,Henry Bean,Drama,406035,The Believer,R,8/23/2001,98,7.2,Ryan Gosling,32324,Henry Bean,2001,27.069
1500000,USA Films,USA,Brad Anderson,Horror,378176,Session 9,R,9/14/2001,100,6.5,David Caruso,46688,Brad Anderson,2001,25.21173333
4500000,Stonelock Pictures,USA,Jill Sprecher,Drama,3288164,Thirteen Conversations About One Thing,R,7/5/2002,104,7.1,Alan Arkin,8888,Karen Sprecher,2001,73.07031111
35000000,Warner Bros.,USA,John Whitesell,Action,33357476,See Spot Run,PG,3/2/2001,94,5.4,David Arquette,7788,George Gallo,2001,95.30707429
2500000,Columbia TriStar Home Video,USA,Blair Treu,Comedy,405182,Little Secrets,PG,8/23/2002,96,6.5,Evan Rachel Wood,2814,Jessica Barondes,2001,16.20728
7000000,3Mark Entertainment,USA,Mitch Davis,Adventure,4720371,The Other Side of Heaven,PG,4/12/2002,113,6.5,Christopher Gorham,3408,Mitch Davis,2001,67.43387143
22000000,Columbia Pictures Corporation,USA,Dennis Dugan,Action,19351569,Saving Silverman,PG-13,2/9/2001,90,5.9,Jason Biggs,34712,Hank Nelken,2001,87.96167727
6000000,Killer Films,USA,John Cameron Mitchell,Comedy,3029081,Hedwig and the Angry Inch,R,8/31/2001,95,7.8,John Cameron Mitchell,27739,John Cameron Mitchell,2001,50.48468333
35000000,Twentieth Century Fox Film Corporation,USA,Albert Hughes,Horror,31602566,From Hell,R,10/19/2001,122,6.8,Johnny Depp,131821,Alan Moore,2001,90.29304571
14000000,Universal Pictures,USA,Mark Waters,Comedy,10397365,Head Over Heels,PG-13,2/2/2001,86,5.4,Monica Potter,12325,John J. Strauss,2001,74.26689286
7000000,Paramount Pictures,USA,Louis C.K.,Comedy,3293258,Pootie Tang,PG-13,6/29/2001,81,5.2,Chris Rock,11971,Louis C.K.,2001,47.04654286
4500000,"Deseo, El",Spain,Guillermo del Toro,Drama,754749,The Devil's Backbone,R,10/19/2007,106,7.5,Marisa Paredes,51628,Guillermo del Toro,2001,16.7722
7000000,Lions Gate Films,UK,Peter Bogdanovich,Drama,3209481,The Cat's Meow,PG-13,5/3/2002,114,6.4,Kirsten Dunst,7093,Steven Peros,2001,45.84972857
5500000,British Broadcasting Corporation (BBC),UK,Richard Eyre,Biography,1292119,Iris,R,3/29/2002,91,7.1,Judi Dench,15426,John Bayley,2001,23.49307273
18000000,Columbia Pictures Corporation,USA,John Boorman,Comedy,13729742,The Tailor of Panama,R,3/30/2001,109,6.1,Pierce Brosnan,25012,John le Carré,2001,76.27634444
4500000,Pandora Cinema,USA,Richard Kelly,Drama,194220,Donnie Darko,R,10/26/2001,113,8.1,Jake Gyllenhaal,635416,Richard Kelly,2001,4.316
5000000,"Goatsingers, The",USA,Tim Blake Nelson,Drama,517872,The Grey Zone,R,11/30/2001,108,7.1,David Arquette,9158,Miklos Nyiszli,2001,10.35744
5000000,Eureka Pictures,USA,David Wain,Comedy,292102,Wet Hot American Summer,R,4/11/2002,97,6.7,Janeane Garofalo,45495,Michael Showalter,2001,5.84204
49000000,Revolution Studios,USA,James Wong,Action,43905746,The One,PG-13,11/2/2001,87,5.9,Jet Li,81803,Glen Morgan,2001,89.60356327
10000000,A Happy Place,USA,Eric Bross,Comedy,4356743,On the Line,PG,10/26/2001,85,4.1,Lance Bass,3767,Eric Aronson,2001,43.56743
6000000,Aamir Khan Productions,India,Ashutosh Gowariker,Adventure,70147,Lagaan: Once Upon a Time in India,PG,5/8/2002,224,8.2,Aamir Khan,82703,Ashutosh Gowariker,2001,1.169116667
7000000,United Artists,USA,Roman Coppola,Drama,411034,CQ,R,5/31/2002,88,6.3,Jeremy Davies,4247,Roman Coppola,2001,5.871914286
31000000,Castle Rock Entertainment,USA,Scott Hicks,Drama,24185781,Hearts in Atlantis,PG-13,9/28/2001,101,6.9,Anthony Hopkins,32102,Stephen King,2001,78.01864839
25000000,Walt Disney Pictures,USA,Tim Hill,Comedy,17292381,Max Keeble's Big Move,PG,10/5/2001,86,5.4,Alex D. Linz,6177,David L. Watts,2001,69.169524
15000000,Screen Gems,USA,J.S. Cardone,Horror,7288451,The Forsaken,R,4/27/2001,90,5.3,Kerr Smith,7560,J.S. Cardone,2001,48.58967333
15000000,Les Films Alain Sarde,France,David Lynch,Drama,7220243,Mulholland Drive,R,10/19/2001,147,8,Naomi Watts,263699,David Lynch,2001,48.13495333
13000000,Bandeira Entertainment,USA,Blair Hayes,Adventure,5002310,Bubble Boy,PG-13,8/24/2001,84,5.6,Jake Gyllenhaal,27008,Cinco Paul,2001,38.47930769
13000000,FilmFour,UK,Jez Butterworth,Comedy,4919896,Birthday Girl,R,2/1/2002,93,6.1,Nicole Kidman,22359,Tom Butterworth,2001,37.84535385
65000000,Columbia Pictures Corporation,USA,Brian Helgeland,Action,56569702,A Knight's Tale,PG-13,5/11/2001,132,6.9,Heath Ledger,146093,Brian Helgeland,2001,87.03031077
16000000,New Line Cinema,USA,Ernest R. Dickerson,Crime,7307756,Bones,R,10/24/2001,96,4.1,Snoop Dogg,5852,Adam Simon,2001,45.673475
19000000,Tokuma Shoten,Japan,Hayao Miyazaki,Animation,10055859,Spirited Away,PG,3/28/2003,125,8.6,Daveigh Chase,476278,Hayao Miyazaki,2001,52.92557368
10000000,Star Overseas,Hong Kong,Stephen Chow,Action,488872,Shaolin Soccer,PG,7/12/2001,113,7.3,Stephen Chow,62092,Stephen Chow,2001,4.88872
24000000,Touchstone Pictures,USA,Brendan Malloy,Comedy,13903262,Out Cold,PG-13,11/21/2001,89,6.3,Flex Alexander,15136,Jon Zack,2001,57.93025833
22000000,Miramax,USA,Tommy O'Haver,Comedy,11560259,Get Over It,PG-13,3/9/2001,87,5.8,Kirsten Dunst,16224,R. Lee Fleming Jr.,2001,52.54663182
27000000,Winkler Films,USA,Irwin Winkler,Drama,15652637,Life as a House,R,11/9/2001,125,7.5,Hayden Christensen,40296,Mark Andrus,2001,57.97272963
12000000,Alma UK Limited,UK,Bruce Beresford,Biography,419414,Bride of the Wind,R,1/4/2002,100,5.7,Sarah Wynter,536,Marilyn Levy,2001,3.495116667
18000000,October Films,USA,Harald Zwart,Comedy,6290673,One Night at McCool's,R,4/27/2001,93,6.1,Liv Tyler,26528,Stan Seidel,2001,34.94818333
30000000,Columbia Pictures Corporation,USA,Daniel Sackheim,Crime,18001232,The Glass House,PG-13,9/14/2001,106,5.8,Diane Lane,27097,Wesley Strick,2001,60.00410667
20000000,Good Machine,USA,Joel Coen,Crime,7494849,The Man Who Wasn't There,R,11/16/2001,116,7.6,Billy Bob Thornton,90712,Joel Coen,2001,37.474245
13500000,Universal Pictures,USA,Kasi Lemmons,Crime,687194,The Caveman's Valentine,R,9/20/2001,105,6,Samuel L. Jackson,5794,George Dawes Green,2001,5.090325926
40000000,MDP Worldwide,Germany,Peter Hyams,Action,27053815,El mosquetero,PG-13,9/7/2001,104,4.7,Justin Chambers,13209,Alexandre Dumas,2001,67.6345375
17000000,Lost Soul Productions,USA,Stephen Carpenter,Drama,3100650,Soul Survivors,PG-13,9/7/2001,84,3.9,Melissa Sagemiller,7504,Stephen Carpenter,2001,18.23911765
34000000,Warner Bros.,USA,Michael Tollin,Comedy,19693891,Summer Catch,PG-13,8/24/2001,108,5,Freddie Prinze Jr.,13643,Kevin Falls,2001,57.92320882
15000000,FilmFour,UK,Gregor Jordan,Comedy,353743,Buffalo Soldiers,R,10/31/2002,98,6.9,Joaquin Phoenix,21383,Robert O'Connor,2001,2.358286667
40000000,Warner Bros.,USA,Pat O'Connor,Drama,25288103,Sweet November,PG-13,2/16/2001,119,6.7,Keanu Reeves,74702,Herman Raucher,2001,63.2202575
38000000,Fox 2000 Pictures,USA,John Pasquin,Comedy,22770864,Joe Somebody,PG,12/21/2001,98,5.5,Tim Allen,8891,John Scott Shepherd,2001,59.92332632
35000000,Morgan Creek Productions,USA,Sean Penn,Crime,19719930,The Pledge,R,1/19/2001,124,6.8,Jack Nicholson,45224,Friedrich Dürrenmatt,2001,56.34265714
50000000,Twentieth Century Fox Film Corporation,USA,Gil Junger,Adventure,33422806,Black Knight,PG-13,11/21/2001,95,4.8,Martin Lawrence,32829,Darryl Quarles,2001,66.845612
68000000,Swanford Films,UK,Jean-Jacques Annaud,Drama,51401758,Enemy at the Gates,R,3/16/2001,131,7.6,Jude Law,205191,Jean-Jacques Annaud,2001,75.59082059
68000000,IMF Internationale Medien und Film GmbH & Co. 2. Produktions KG,USA,Iain Softley,Drama,50338485,K-PAX,PG-13,10/26/2001,120,7.4,Kevin Spacey,158661,Gene Brewer,2001,74.02718382
22000000,Twentieth Century Fox Film Corporation,USA,Vondie Curtis-Hall,Drama,4273372,Glitter,PG-13,9/21/2001,104,2.2,Mariah Carey,20019,Cheryl L. West,2001,19.42441818
48000000,Columbia Pictures,USA,Penny Marshall,Biography,30165536,Riding in Cars with Boys,PG-13,10/19/2001,132,6.5,Drew Barrymore,23914,Beverly D'Onofrio,2001,62.84486667
30000000,Metro-Goldwyn-Mayer (MGM),USA,Peter Howitt,Action,10965209,Antitrust,PG-13,1/12/2001,105,6.1,Ryan Phillippe,26399,Howard Franklin,2001,36.55069667
20000000,Ecosse Films,UK,Gillian Armstrong,Drama,668140,Charlotte Gray,PG-13,1/11/2002,121,6.4,Cate Blanchett,9455,Sebastian Faulks,2001,3.3407
25000000,Twentieth Century Fox Film Corporation,USA,J.B. Rogers,Comedy,5516708,Say It Isn't So,R,3/23/2001,95,4.9,Chris Klein,11736,Peter Gaulke,2001,22.066832
28000000,Screen Gems,USA,John Carpenter,Action,8434601,Ghosts of Mars,R,8/24/2001,98,4.9,Natasha Henstridge,45304,Larry Sulkis,2001,30.123575
100000000,Warner Bros.,USA,Steven Spielberg,Adventure,78616689,A.I. Artificial Intelligence,PG-13,6/29/2001,146,7.1,Haley Joel Osment,255580,Brian Aldiss,2001,78.616689
35000000,Morgan Creek Productions,USA,Les Mayfield,Action,13264986,American Outlaws,PG-13,8/17/2001,94,6,Colin Farrell,12534,Roderick Taylor,2001,37.89996
28000000,Alliance Atlantis Communications,UK,Ronny Yu,Action,5204007,Formula 51,R,10/18/2002,93,6.3,Samuel L. Jackson,44231,Stel Pavlou,2001,18.58573929
35000000,Miramax,USA,Lasse Hallström,Drama,11434216,The Shipping News,R,1/18/2002,111,6.8,Kevin Spacey,29749,Annie Proulx,2001,32.66918857
39000000,Universal Pictures,Canada,Harry Elfont,Comedy,14252830,Josie and the Pussycats,PG-13,4/11/2001,98,5.3,Rachael Leigh Cook,19643,Deborah Kaplan,2001,36.54571795
33000000,DreamWorks,USA,Woody Allen,Comedy,7496522,The Curse of the Jade Scorpion,PG-13,8/24/2001,103,6.8,Greg Stebner,33870,Woody Allen,2001,22.71673333
42000000,Metro-Goldwyn-Mayer (MGM),France,Michael Cristofer,Drama,16252765,Original Sin,R,8/3/2001,116,6,Antonio Banderas,47417,Cornell Woolrich,2001,38.69705952
60000000,Metro-Goldwyn-Mayer (MGM),USA,Sam Weisman,Comedy,32095318,What's the Worst That Could Happen?,PG-13,6/1/2001,94,5.5,Martin Lawrence,13245,Donald E. Westlake,2001,53.49219667
53000000,Franchise Pictures,USA,Luis Mandoki,Drama,24044532,Angel Eyes,R,5/18/2001,102,5.6,Jennifer Lopez,20298,Gerald Di Pego,2001,45.36704151
30000000,Alcon Entertainment,USA,Charles Shyer,Drama,430313,The Affair of the Necklace,R,12/7/2001,100,6.1,Hilary Swank,4644,John Sweet,2001,1.434376667
75000000,Paramount Pictures,USA,Harold Becker,Crime,45207112,Domestic Disturbance,PG-13,11/2/2001,89,5.5,John Travolta,22199,Lewis Colick,2001,60.27614933
35000000,Gaumont,France,Jean-Marie Poiré,Comedy,4777007,Just Visiting,PG-13,4/6/2001,88,5.8,Jean Reno,16103,Jean-Marie Poiré,2001,13.64859143
57000000,Universal Pictures,UK,John Madden,Drama,25543895,Captain Corelli's Mandolin,R,8/17/2001,131,5.9,Nicolas Cage,29405,Shawn Slovo,2001,44.81385088
102000000,Jonathan Krane Group,USA,Dominic Sena,Action,69772969,Swordfish,R,6/8/2001,99,6.5,John Travolta,161863,Skip Woods,2001,68.40487157
75000000,Metro-Goldwyn-Mayer (MGM),USA,Barry Levinson,Comedy,41575141,Bandits,PG-13,10/12/2001,123,6.5,Bruce Willis,59465,Harley Peyton,2001,55.43352133
40000000,Dimension Films,USA,Gary Fleder,Drama,6114237,Impostor,R,1/4/2002,95,6.2,Shane Brolly,20767,Philip K. Dick,2001,15.2855925
60000000,New Line Cinema,USA,John Herzfeld,Action,24403552,15 Minutes,R,3/9/2001,120,6.1,Robert De Niro,44327,John Herzfeld,2001,40.67258667
120000000,Walt Disney Feature Animation,USA,Gary Trousdale,Animation,84052762,Atlantis: The Lost Empire,PG,6/15/2001,95,6.8,Michael J. Fox,80961,Tab Murphy,2001,70.04396833
38000000,Greisman Productions,USA,Steve Miner,Action,623374,Texas Rangers,PG-13,11/30/2001,90,5.2,James Van Der Beek,4922,George Durham,2001,1.640457895
39000000,Morgan Creek Productions,Canada,David Mamet,Action,47239,Heist,R,11/9/2001,109,6.5,Gene Hackman,29165,David Mamet,2001,0.121125641
57000000,Warner Bros.,USA,Stephen Herek,Drama,17008282,Rock Star,R,9/7/2001,105,6.2,Mark Wahlberg,36324,John Stockwell,2001,29.83909123
80000000,Columbia Pictures Corporation,USA,Ivan Reitman,Comedy,38345494,Evolution,PG-13,6/8/2001,101,6.1,David Duchovny,106732,Don Jakoby,2001,47.9318675
72000000,Castle Rock Entertainment,USA,Frank Darabont,Drama,27807266,The Majestic,PG,12/21/2001,152,6.9,Jim Carrey,47073,Michael Sloane,2001,38.62120278
62000000,Franchise Pictures,USA,Demian Lichtenstein,Action,15738632,3000 Miles to Graceland,R,2/23/2001,125,5.9,Kurt Russell,39439,Richard Recco,2001,25.38489032
107000000,Columbia Pictures Corporation,USA,Michael Mann,Biography,58203105,Ali,R,12/25/2001,157,6.8,Will Smith,83314,Gregory Allen Howard,2001,54.39542523
72000000,DreamWorks,USA,Rod Lurie,Action,18208078,The Last Castle,R,10/19/2001,131,6.9,Robert Redford,60328,David Scarpa,2001,25.28899722
70000000,Warner Bros.,USA,Bobby Farrelly,Animation,13596911,Osmosis Jones,PG,8/10/2001,95,6.3,Laurence Fishburne,27295,Marc Hyman,2001,19.42415857
94000000,Franchise Pictures,USA,Renny Harlin,Action,32616869,Driven,PG-13,4/27/2001,116,4.5,Sylvester Stallone,35770,Jan Skrentny,2001,34.69879681
75000000,Twentieth Century Fox Film Corporation,USA,Henry Selick,Animation,5411999,Monkeybone,PG-13,2/23/2001,93,4.7,Brendan Fraser,15048,Kaja Blackley,2001,7.215998667
90000000,New Line Cinema,USA,Peter Chelsom,Comedy,6719973,Town & Country,R,4/27/2001,104,4.4,Warren Beatty,4284,Michael Laughlin,2001,7.466636667
137000000,Chris Lee Productions,USA,Hironobu Sakaguchi,Animation,32131830,Final Fantasy: The Spirits Within,PG-13,7/11/2001,106,6.4,Alec Baldwin,75443,Hironobu Sakaguchi,2001,23.45389051
115000000,Universal Pictures,Germany,Tony Scott,Action,26871,Juego de espías,R,11/21/2001,126,7.1,Robert Redford,127397,Michael Frost Beckner,2001,0.023366087
