budget,company,country,director,genre,gross,name,rating,released,runtime,score,star,votes,writer,year,profit
28000000,Walt Disney Pictures,USA,Ron Clements,Animation,217350219,Aladdin,G,11/25/1992,90,8,Scott Weinger,287068,Ron Clements,1992,776.2507821
18000000,Twentieth Century Fox Film Corporation,USA,Chris Columbus,Adventure,173585516,Home Alone 2: Lost in New York,PG,11/20/1992,120,6.6,Macaulay Culkin,226766,John Hughes,1992,964.3639778
35000000,Warner Bros.,USA,Richard Donner,Action,144731527,Lethal Weapon 3,R,5/15/1992,118,6.7,Mel Gibson,136206,Jeffrey Boam,1992,413.5186486
31000000,Touchstone Pictures,USA,Emile Ardolino,Comedy,139610000,Sister Act,PG,5/29/1992,100,6.3,Whoopi Goldberg,70833,Paul Rudnick,1992,450.3548387
20000000,Paramount Pictures,USA,Penelope Spheeris,Comedy,121697350,Wayne's World,PG-13,2/14/1992,94,7,Mike Myers,122552,Mike Myers,1992,608.48675
40000000,Columbia Pictures Corporation,USA,Rob Reiner,Drama,141340178,A Few Good Men,R,12/11/1992,138,7.7,Tom Cruise,196002,Aaron Sorkin,1992,353.350445
25000000,Kasdan Pictures,USA,Mick Jackson,Action,121945720,The Bodyguard,R,11/25/1992,129,6.2,Kevin Costner,97795,Lawrence Kasdan,1992,487.78288
14400000,Warner Bros.,USA,Clint Eastwood,Drama,101157447,Unforgiven,R,8/7/1992,131,8.2,Clint Eastwood,304536,David Webb Peoples,1992,702.4822708
80000000,Warner Bros.,USA,Tim Burton,Action,162831698,Batman Returns,PG-13,6/19/1992,126,7,Michael Keaton,232027,Bob Kane,1992,203.5396225
11700000,Hollywood Pictures,USA,Curtis Hanson,Drama,88036683,The Hand That Rocks the Cradle,R,1/10/1992,110,6.6,Annabella Sciorra,31853,Amanda Silver,1992,752.4502821
49000000,Carolco Pictures,France,Paul Verhoeven,Drama,117727000,Bajos instintos,R,3/20/1992,127,6.9,Michael Douglas,143903,Joe Eszterhas,1992,240.2591837
40000000,Columbia Pictures Corporation,USA,Penny Marshall,Comedy,107533928,A League of Their Own,PG,7/1/1992,128,7.2,Tom Hanks,77047,Kim Wilson,1992,268.83482
35000000,Warner Bros.,France,Andrew Davis,Action,83363139,Under Siege,R,10/9/1992,103,6.5,Steven Seagal,65431,J.F. Lawton,1992,238.1803971
40000000,American Zoetrope,USA,Francis Ford Coppola,Horror,82522790,Bram Stoker's Dracula,R,11/13/1992,128,7.5,Gary Oldman,155460,Bram Stoker,1992,206.306975
11000000,Palo Vista Productions,USA,Jonathan Lynn,Comedy,52929168,My Cousin Vinny,R,3/13/1992,120,7.5,Joe Pesci,88685,Dale Launer,1992,481.1742545
10000000,Avnet/Kerner Productions,USA,Stephen Herek,Comedy,50752337,The Mighty Ducks,PG,10/2/1992,100,6.4,Emilio Estevez,48129,Steven Brill,1992,507.52337
45000000,Mace Neufeld Productions,USA,Phillip Noyce,Action,83287363,Patriot Games,R,6/5/1992,117,6.9,Harrison Ford,86479,Tom Clancy,1992,185.0830289
40000000,Morgan Creek Productions,USA,Michael Mann,Action,75505856,The Last of the Mohicans,R,9/25/1992,112,7.8,Daniel Day-Lewis,122987,James Fenimore Cooper,1992,188.76464
7000000,Encino Man Productions,USA,Les Mayfield,Comedy,40693477,Encino Man,PG,5/22/1992,88,5.7,Sean Astin,31980,George Zaloom,1992,581.3353857
31000000,Universal Pictures,USA,Martin Brest,Drama,63895607,Scent of a Woman,R,1/8/1993,156,8,Al Pacino,209862,Giovanni Arpino,1992,206.1148613
16000000,Columbia Pictures Corporation,USA,Barbet Schroeder,Drama,47922919,Single White Female,R,8/14/1992,107,6.3,Bridget Fonda,25871,John Lutz,1992,299.5182438
40000000,Paramount Pictures,USA,Reginald Hudlin,Comedy,70100000,Boomerang,R,7/1/1992,117,5.4,Eddie Murphy,21723,Eddie Murphy,1992,175.25
15000000,Warner Bros.,USA,Kevin Hooks,Action,44065653,Passenger 57,R,11/6/1992,84,5.8,Wesley Snipes,39076,Stewart Raffill,1992,293.77102
15000000,Columbia Pictures Corporation,USA,Peter MacDonald,Action,40227000,Mo' Money,R,7/24/1992,89,5.4,Damon Wayans,5876,Damon Wayans,1992,268.18
6500000,Touchstone Pictures,USA,Jon Turteltaub,Action,29000301,3 Ninjas,PG,8/7/1992,84,5.2,Victor Wong,17402,Kenny Kim,1992,446.1584769
10000000,Allied Vision,UK,Brett Leonard,Horror,32101000,The Lawnmower Man,R,3/6/1992,108,5.4,Jeff Fahey,29522,Stephen King,1992,321.01
6000000,PolyGram Filmed Entertainment,USA,Bernard Rose,Horror,25792310,Candyman,R,10/16/1992,99,6.6,Virginia Madsen,54076,Clive Barker,1992,429.8718333
2000000,Arau Films Internacional,Mexico,Alfonso Arau,Drama,21665500,Como agua para chocolate,R,5/28/1993,105,7.2,Marco Leonardi,14517,Laura Esquivel,1992,1083.275
40000000,Touchwood Pacific Partners 1,USA,Randal Kleiser,Adventure,58662452,Honey I Blew Up the Kid,PG,7/17/1992,89,4.7,Rick Moranis,34421,Stuart Gordon,1992,146.65613
35000000,Universal Pictures,USA,Phil Alden Robinson,Comedy,51433000,Sneakers,PG-13,9/11/1992,126,7.1,Robert Redford,46109,Phil Alden Robinson,1992,146.9514286
15000000,Columbia Pictures Corporation,USA,Mick Garris,Horror,30524763,Sleepwalkers,R,4/10/1992,91,5.2,Brian Krause,16241,Stephen King,1992,203.49842
900000,Golden Harvest Company,Hong Kong,Stanley Tong,Action,16270600,Supercop,R,7/26/1996,95,6.9,Jackie Chan,16056,Edward Tang,1992,1807.844444
12000000,Walt Disney Pictures,USA,Brian Henson,Comedy,27281507,The Muppet Christmas Carol,G,12/11/1992,85,7.7,Michael Caine,37054,Charles Dickens,1992,227.3458917
33000000,Largo International N.V.,USA,Spike Lee,Biography,48169908,Malcolm X,PG-13,11/18/1992,202,7.7,Denzel Washington,69074,Alex Haley,1992,145.9694182
5000000,Island World,USA,Ernest R. Dickerson,Action,20146880,Juice,R,1/17/1992,95,7.1,Omar Epps,18787,Ernest R. Dickerson,1992,402.9376
8000000,Avenue Pictures,USA,Robert Altman,Comedy,21706100,The Player,R,5/8/1992,124,7.6,Tim Robbins,45208,Michael Tolkin,1992,271.32625
23000000,StudioCanal,USA,Roland Emmerich,Action,36299898,Universal Soldier,R,7/10/1992,102,6,Jean-Claude Van Damme,72711,Richard Rothstein,1992,157.8256435
25000000,Castle Rock Entertainment,USA,Andrew Bergman,Comedy,35208854,Honeymoon in Vegas,PG-13,8/28/1992,96,5.8,James Caan,15079,Andrew Bergman,1992,140.835416
7000000,Twentieth Century Fox Film Corporation,USA,Fran Rubel Kuzui,Action,16624456,Buffy the Vampire Slayer,PG-13,7/31/1992,86,5.6,Kristy Swanson,34181,Joss Whedon,1992,237.4922286
12000000,Pacific Western,USA,Brian De Palma,Crime,21370057,Raising Cain,R,8/7/1992,91,6,John Lithgow,10992,Brian De Palma,1992,178.0838083
8000000,Paramount Pictures,USA,Mary Lambert,Fantasy,17092453,Pet Sematary II,R,8/28/1992,100,4.8,Edward Furlong,14545,Richard Outten,1992,213.6556625
15000000,TriStar Pictures,USA,Michael Apted,Crime,22660758,Thunderheart,R,4/3/1992,119,6.8,Val Kilmer,12056,John Fusco,1992,151.07172
5000000,Fifth Avenue Entertainment,USA,Anthony Hickox,Horror,12534961,Hellraiser III: Hell on Earth,R,9/11/1992,91,5.5,Terry Farrell,22036,Clive Barker,1992,250.69922
900000,Corn Cobb Productions,USA,David Price,Horror,6980986,Children of the Corn II: The Final Sacrifice,R,1/29/1993,92,4.2,Terence Knox,6311,Stephen King,1992,775.6651111
7500000,Warner Bros.,USA,Randall Miller,Comedy,13272113,Class Act,PG-13,6/5/1992,98,6,Christopher Reid,4351,Michael Swerdlick,1992,176.9615067
40000000,Hollywood Pictures,USA,John McTiernan,Adventure,45500797,Medicine Man,PG-13,2/7/1992,106,6,Sean Connery,18461,Tom Schulman,1992,113.7519925
50000000,Twentieth Century Fox Film Corporation,USA,David Fincher,Action,55473600,Alien 3,R,5/22/1992,114,6.4,Sigourney Weaver,231709,Dan O'Bannon,1992,110.9472
10000000,Twentieth Century Fox Film Corporation,USA,Dwight H. Little,Action,14356479,Rapid Fire,R,8/21/1992,95,6.3,Brandon Lee,6784,Cindy Cirile,1992,143.56479
18000000,Hollywood Pictures,USA,Alan J. Pakula,Crime,21591728,Consenting Adults,R,10/16/1992,99,5.7,Kevin Kline,5783,Matthew Chapman,1992,119.9540444
55000000,Universal Pictures,USA,Robert Zemeckis,Comedy,58422650,Death Becomes Her,PG-13,7/31/1992,104,6.5,Meryl Streep,85470,Martin Donovan,1992,106.223
3330000,Atchafalaya,USA,John Sayles,Drama,5414619,Passion Fish,R,12/11/1992,135,7.5,Mary McDonnell,4448,John Sayles,1992,162.6011712
7000,Columbia Pictures Corporation,USA,Robert Rodriguez,Action,2040920,El Mariachi,R,2/26/1993,81,6.9,Carlos Gallardo,55226,Robert Rodriguez,1992,29156
16000000,JVC Entertainment Networks,USA,Beeban Kidron,Comedy,17957265,Used People,PG-13,1/22/1993,100,6,Shirley MacLaine,1225,Todd Graff,1992,112.2329063
1200000,Live Entertainment,USA,Quentin Tarantino,Crime,2832029,Reservoir Dogs,R,9/2/1992,99,8.3,Harvey Keitel,735396,Quentin Tarantino,1992,236.0024167
4000000,Adventure Pictures,UK,Sally Potter,Biography,5289772,Orlando,PG-13,6/9/1993,94,7.2,Tilda Swinton,10849,Sally Potter,1992,132.2443
1000000,Bad Lt. Productions,USA,Abel Ferrara,Crime,2000022,Bad Lieutenant,NC-17,12/17/1992,96,7.1,Harvey Keitel,31763,Zoë Lund,1992,200.0022
22769,Desperate Pictures,USA,Gregg Araki,Comedy,692585,The Living End,UNRATED,8/21/1992,81,6.5,Mike Dytri,2140,Gregg Araki,1992,3041.789275
130000,Demi-Monde Productions,USA,Nicole Conn,Drama,799674,Claire of the Moon,UNRATED,10/21/1993,107,4.9,Trisha Todd,843,Nicole Conn,1992,615.1338462
24000000,FAI Films,Australia,Bill Kroyer,Animation,24650296,FernGully: Las aventuras de Zak y Crysta,G,4/10/1992,76,6.5,Samantha Mathis,22480,Jim Cox,1992,102.7095667
11000000,Dino De Laurentiis Company,USA,Sam Raimi,Comedy,11502976,Army of Darkness,R,2/19/1993,81,7.6,Bruce Campbell,139216,Sam Raimi,1992,104.5725091
250000,American Playhouse,USA,Tom Kalin,Crime,340147,Swoon,UNRATED,9/25/1992,93,6.8,Daniel Schlachet,1365,Tom Kalin,1992,136.0588
38000,Island World,USA,Nick Gomez,Crime,117480,Laws of Gravity,R,8/20/1993,100,7,Peter Greene,769,Nick Gomez,1992,309.1578947
3500000,Turner Pictures (I),USA,Phil Roman,Animation,3560469,The Tom and Jerry Movie,G,7/30/1993,84,5.3,Richard Kind,7519,Dennis Marks,1992,101.7276857
400000,Ang Lee Productions,Taiwan,Ang Lee,Comedy,152322,Pushing Hands,NOT RATED,1/20/1996,105,7.3,Bozhao Wang,2826,Ang Lee,1992,38.0805
14000000,Universal Pictures,USA,Walter Hill,Action,13747138,Trespass,R,12/25/1992,101,6.2,Bill Paxton,8433,Bob Gale,1992,98.19384286
800000,Zeta Entertainment,USA,Tamra Davis,Crime,114516,Guncrazy,R,9/9/1993,97,5.6,Drew Barrymore,1768,Matthew Bright,1992,14.3145
5000000,British Broadcasting Corporation (BBC),UK,Kenneth Branagh,Comedy,4058564,Peter's Friends,R,12/25/1992,101,7,Hugh Laurie,9009,Rita Rudner,1992,81.17128
2700000,No Frills Film Production,USA,Neal Jimenez,Drama,1723319,The Waterdance,R,5/13/1992,106,6.9,Eric Stoltz,2369,Neal Jimenez,1992,63.82662963
60000000,Imagine Films Entertainment,USA,Ron Howard,Adventure,58883840,Far and Away,PG-13,5/22/1992,140,6.5,Tom Cruise,50869,Bob Dolman,1992,98.13973333
3000000,New Line Cinema,USA,Katt Shea,Drama,1829804,Poison Ivy,R,5/8/1992,88,5.4,Drew Barrymore,14751,Melissa Goddard,1992,60.99346667
8000000,Davis Entertainment,Australia,Stuart Gordon,Action,6739141,Fortress,R,9/3/1993,95,5.9,Christopher Lambert,24573,Troy Neighbors,1992,84.2392625
24000000,Touchstone Pictures,USA,Thom Eberhardt,Adventure,22518097,Captain Ron,PG-13,9/18/1992,90,5.7,Kurt Russell,17877,John Dwyer,1992,93.82540417
7000000,Challenge Film Corporation,UK,Tony Maylam,Action,5430822,Split Second,R,5/1/1992,90,6.2,Rutger Hauer,9103,Gary Scott Thompson,1992,77.58317143
10000000,Dimension Films,Hong Kong,Ringo Lam,Action,8332431,Twin Dragons,PG-13,4/9/1999,104,6.4,Jackie Chan,9292,Barry Wong,1992,83.32431
12500000,GGR,USA,James Foley,Crime,10725228,Glengarry Glen Ross,R,10/2/1992,100,7.8,Al Pacino,82352,David Mamet,1992,85.801824
3000000,Once Upon a Time Films,USA,Matthew Meshekoff,Comedy,690966,The Opposite Sex and How to Live with Them,R,3/26/1993,100,4.9,Arye Gross,540,Noah Stern,1992,23.0322
4000000,Enchantment Films Inc.,USA,Stephen Milburn Anderson,Crime,1373196,South Central,R,9/18/1992,99,6.8,Byron Minns,3841,Stephen Milburn Anderson,1992,34.3299
3000000,WingNut Films,New Zealand,Peter Jackson,Comedy,242623,Dead Alive,R,2/12/1993,104,7.6,Timothy Balme,81752,Stephen Sinclair,1992,8.087433333
3000000,American Playhouse,Italy,Hal Hartley,Crime,141554,Simple Men,R,11/6/1992,105,7.2,Robert John Burke,3563,Hal Hartley,1992,4.718466667
16000000,Olmos Productions,USA,Edward James Olmos,Biography,13086430,American Me,R,3/13/1992,125,7.2,Edward James Olmos,6417,Floyd Mutrux,1992,81.7901875
5000000,Canal+,France,Roman Polanski,Drama,1862805,Luna amarga,R,3/18/1994,139,7.2,Hugh Grant,28002,Pascal Bruckner,1992,37.2561
50000000,Hollywood Pictures,USA,Jonathan Lynn,Comedy,46666502,The Distinguished Gentleman,R,12/4/1992,112,5.9,Eddie Murphy,13167,Marty Kaplan,1992,93.333004
32000000,Warner Bros.,USA,Phil Joanou,Drama,28590665,Final Analysis,R,2/7/1992,124,5.8,Richard Gere,11503,Robert Berger,1992,89.34582813
5000000,A&M; Films,USA,Keith Gordon,Drama,1526697,A Midnight Clear,R,4/24/1992,108,7.2,Peter Berg,7365,William Wharton,1992,30.53394
5000000,Carolco Pictures,USA,Paul Schrader,Crime,1050861,Light Sleeper,R,3/13/1992,103,6.9,Willem Dafoe,3999,Paul Schrader,1992,21.01722
10000000,New Line Cinema,USA,David Lynch,Drama,4160851,Twin Peaks: Fire Walk with Me,R,8/28/1992,135,7.2,Sheryl Lee,67092,David Lynch,1992,41.60851
18000000,Paramount Pictures,USA,Christopher Crowe,Drama,11124511,Whispers in the Dark,R,8/7/1992,103,5.6,Annabella Sciorra,1674,Christopher Crowe,1992,61.80283889
20000000,Paramount Pictures,USA,Bruce Robinson,Crime,11390479,Jennifer 8,R,11/6/1992,124,6.2,Andy Garcia,12992,Bruce Robinson,1992,56.952395
15500000,Alcor Films,France,Arne Glimcher,Drama,6742168,The Mambo Kings,R,2/28/1992,104,6.4,Armand Assante,4469,Oscar Hijuelos,1992,43.49785806
10000000,British Screen Productions,UK,Stephen Gyllenhaal,Drama,1034287,Waterland,R,10/30/1992,95,6.7,Jeremy Irons,1855,Graham Swift,1992,10.34287
13000000,In The Bag Productions,USA,Allan Moyle,Comedy,3721911,The Gun in Betty Lou's Handbag,PG-13,8/21/1992,89,5,Penelope Ann Miller,1430,Grace Cary Bickley,1992,28.63008462
20000000,TriStar Pictures,USA,Woody Allen,Comedy,10555619,Husbands and Wives,R,9/18/1992,103,7.6,Woody Allen,23108,Woody Allen,1992,52.778095
10000000,Avenue Pictures,USA,Martin Bell,Crime,384048,American Heart,R,5/7/1993,113,6.8,Jeff Bridges,2634,Peter Silverman,1992,3.84048
12000000,Touchstone Pictures,USA,Peter Bogdanovich,Comedy,2280148,Noises Off...,PG-13,3/20/1992,101,7.5,Michael Caine,8745,Michael Frayn,1992,19.00123333
35000000,Twentieth Century Fox Film Corporation,USA,Danny DeVito,Biography,24276500,Hoffa,R,12/25/1992,140,6.6,Jack Nicholson,18198,David Mamet,1992,69.36142857
18000000,Orion Pictures,USA,Howard Deutch,Drama,6375979,Article 99,R,3/13/1992,100,6.1,Ray Liotta,2585,Ron Cutler,1992,35.42210556
14000000,Cinema Plus,USA,Greg Beeman,Adventure,2034470,Mom and Dad Save the World,PG,7/24/1992,88,5.3,Teri Garr,3656,Chris Matheson,1992,14.53192857
17000000,Metro-Goldwyn-Mayer (MGM),USA,Michael Ritchie,Drama,4836637,Diggstown,R,8/14/1992,98,7,James Woods,6006,Leonard Wise,1992,28.45080588
15000000,Touchwood Pacific Partners 1,USA,Kenny Ortega,Drama,2819485,Newsies,PG,4/10/1992,121,7,Christian Bale,16383,Bob Tzudiker,1992,18.79656667
27000000,Allied Filmmakers,France,Roland Joffé,Drama,14683921,City of Joy,PG-13,4/17/1992,132,6.4,Patrick Swayze,4193,Dominique Lapierre,1992,54.38489259
30000000,Morgan Creek Productions,USA,Geoff Murphy,Action,17129000,Freejack,R,1/17/1992,110,5.3,Emilio Estevez,12883,Robert Sheckley,1992,57.09666667
20000000,Penta Films,USA,Irwin Winkler,Comedy,6202756,Night and the City,R,10/23/1992,105,5.8,Robert De Niro,3900,Gerald Kersh,1992,31.01378
18000000,Metro-Goldwyn-Mayer (MGM),USA,Bruce Beresford,Drama,2149735,Rich in Love,PG-13,3/5/1993,100,6.3,Albert Finney,689,Josephine Humphreys,1992,11.94297222
30000000,Paramount Pictures,USA,Ralph Bakshi,Animation,14110600,Cool World,PG-13,7/10/1992,102,4.8,Gabriel Byrne,17780,Michael Grais,1992,47.03533333
18000000,Orion Pictures,USA,Jonathan Kaplan,Drama,1949148,Love Field,PG-13,2/12/1993,105,6.7,Michelle Pfeiffer,3099,Don Roos,1992,10.8286
45000000,Northern Lights Entertainment,USA,Roger Spottiswoode,Action,28411210,Stop! Or My Mom Will Shoot,PG-13,2/21/1992,87,4.1,Sylvester Stallone,33574,Blake Snyder,1992,63.13602222
40000000,DENTSU Music And Entertainment,USA,Fred Schepisi,Comedy,20883046,Mr. Baseball,PG-13,10/2/1992,108,5.9,Tom Selleck,8610,Theo Pelletier,1992,52.207615
31000000,Carolco Pictures,UK,Richard Attenborough,Biography,9493259,Chaplin,PG-13,1/8/1993,143,7.6,Robert Downey Jr.,45964,David Robinson,1992,30.62341613
43000000,Baltimore Pictures,USA,Barry Levinson,Adventure,21452082,Toys,PG-13,12/18/1992,118,5,Robin Williams,27750,Valerie Curtin,1992,49.88856279
42000000,Columbia Pictures Corporation,USA,Stephen Frears,Comedy,19507345,Hero,PG-13,10/2/1992,119,6.5,Dustin Hoffman,18627,Laura Ziskin,1992,46.44605952
30000000,Universal Pictures,USA,George Miller,Drama,7286388,Lorenzo's Oil,PG-13,1/29/1993,129,7.2,Nick Nolte,17514,George Miller,1992,24.28796
24000000,Majestic Films International,USA,Graeme Clifford,Mystery,608866,Ruby Cairo,PG-13,10/29/1993,100,5,Andie MacDowell,1886,Robert Dillon,1992,2.536941667
29000000,American Zoetrope,USA,Carroll Ballard,Action,5519569,Wind,PG-13,9/11/1992,126,6.5,Matthew Modine,2123,Jeff Benjamin,1992,19.03299655
40000000,Warner Bros.,USA,John Carpenter,Comedy,14358033,Memoirs of an Invisible Man,PG-13,2/28/1992,99,5.9,Chevy Chase,18652,H.F. Saint,1992,35.8950825
30000000,Penta Entertainment,USA,Bob Rafelson,Comedy,4096030,Man Trouble,PG-13,7/17/1992,100,4.6,Jack Nicholson,2557,Carole Eastman,1992,13.65343333
43000000,Castle Rock Entertainment,USA,Billy Crystal,Comedy,13351357,Mr. Saturday Night,R,9/25/1992,119,5.8,Billy Crystal,3990,Billy Crystal,1992,31.04966744
35000000,Columbia Pictures Corporation,USA,Richard Donner,Drama,4651977,Radio Flyer,PG-13,2/21/1992,114,6.9,Lorraine Bracco,10947,David Mickey Evans,1992,13.29136286
40000000,Christopher Columbus Productions,UK,John Glen,Adventure,8251071,Christopher Columbus: The Discovery,PG-13,8/21/1992,120,4.4,Marlon Brando,2418,Mario Puzo,1992,20.6276775
47000000,Gaumont,France,Ridley Scott,Adventure,7191399,1492: Conquista del Paraíso,PG-13,10/9/1992,154,6.5,Gérard Depardieu,24155,Rose Bosch,1992,15.30084894
