budget,company,country,director,genre,gross,name,rating,released,runtime,score,star,votes,writer,year,profit
23000000,Twentieth Century Fox Film Corporation,USA,Bobby Farrelly,Comedy,176484651,There's Something About Mary,R,7/15/1998,119,7.1,Ben Stiller,259794,Ed Decter,1998,767.3245696
70000000,DreamWorks,USA,Steven Spielberg,Drama,216540909,Saving Private Ryan,R,7/24/1998,169,8.6,Tom Hanks,979007,Robert Rodat,1998,309.3441557
20000000,Robert Simonds Productions,USA,Frank Coraci,Comedy,161491646,The Waterboy,PG-13,11/6/1998,90,6.1,Adam Sandler,127466,Tim Herlihy,1998,807.45823
33000000,New Line Cinema,USA,Brett Ratner,Action,141153686,Rush Hour,PG-13,9/18/1998,98,6.9,Jackie Chan,201905,Ross LaManna,1998,427.7384424
24000000,Paramount Pictures,USA,Igor Kovalyov,Animation,100494675,The Rugrats Movie,G,11/20/1998,79,5.9,Elizabeth Daily,15183,David N. Weiss,1998,418.7278125
25000000,Universal Pictures,USA,John Madden,Comedy,100317794,Shakespeare in Love,R,1/8/1999,123,7.2,Gwyneth Paltrow,187035,Marc Norman,1998,401.271176
71500000,Twentieth Century Fox Film Corporation,USA,Betty Thomas,Comedy,144156605,Doctor Dolittle,PG-13,6/26/1998,85,5.3,Eddie Murphy,79986,Hugh Lofting,1998,201.6176294
60000000,Paramount Pictures,USA,Peter Weir,Comedy,125618201,The Truman Show,PG,6/5/1998,103,8.1,Jim Carrey,740961,Andrew Niccol,1998,209.3636683
75000000,Paramount Pictures,USA,Mimi Leder,Action,140464664,Deep Impact,PG-13,5/8/1998,120,6.1,Robert Duvall,142094,Bruce Joel Rubin,1998,187.2862187
18000000,Juno Pix,USA,Frank Coraci,Comedy,80245725,The Wedding Singer,PG-13,2/13/1998,95,6.8,Adam Sandler,116558,Tim Herlihy,1998,445.8095833
140000000,Touchstone Pictures,USA,Michael Bay,Action,201573391,Armageddon,PG-13,7/1/1998,151,6.6,Bruce Willis,344203,Jonathan Hensleigh,1998,143.9809936
30000000,Oriental Light and Magic (OLM),Japan,Kunihiko Yuyama,Animation,85744662,Pokémon: The First Movie - Mewtwo Strikes Back,G,11/10/1999,96,6,Veronica Taylor,32118,Satoshi Tajiri,1998,285.81554
65000000,Warner Bros.,USA,Nora Ephron,Comedy,115821495,You've Got Mail,PG,12/18/1998,119,6.6,Tom Hanks,163612,Miklós László,1998,178.1869154
90000000,Universal Pictures,USA,Tom Shadyac,Biography,135026902,Patch Adams,PG-13,12/25/1998,115,6.7,Robin Williams,86765,Patch Adams,1998,150.0298911
120000000,Pixar Animation Studios,USA,John Lasseter,Animation,162798565,A Bug's Life,G,11/25/1998,95,7.2,Kevin Spacey,226736,John Lasseter,1998,135.6654708
50000000,TriStar Pictures,USA,Chris Columbus,Comedy,91137662,Stepmom,PG-13,12/25/1998,124,6.7,Julia Roberts,50401,Gigi Levangie,1998,182.275324
26000000,Twentieth Century Fox Film Corporation,USA,Andy Tennant,Comedy,65705771,Ever After: A Cinderella Story,PG-13,7/31/1998,121,7,Drew Barrymore,61035,Susannah Grant,1998,252.7145038
17000000,Dimension Films,USA,Steve Miner,Horror,55041738,Halloween H20: 20 Years Later,R,8/5/1998,86,5.7,Jamie Lee Curtis,52529,Debra Hill,1998,323.7749294
70000000,DreamWorks Animation,USA,Brenda Chapman,Animation,101217900,The Prince of Egypt,PG,12/18/1998,99,7,Val Kilmer,98359,Philip LaZebnik,1998,144.597
90000000,Walt Disney Feature Animation Florida,USA,Tony Bancroft,Animation,120620254,Mulan,G,6/19/1998,88,7.6,Ming-Na Wen,193214,Robert D. San Souci,1998,134.0225044
30000000,Twentieth Century Fox Film Corporation,USA,Forest Whitaker,Drama,60053195,Hope Floats,PG-13,5/29/1998,114,5.9,Sandra Bullock,20726,Steven Rogers,1998,200.1773167
65000000,TriStar Pictures,USA,Martin Campbell,Action,94095523,The Mask of Zorro,PG-13,7/17/1998,136,6.7,Antonio Banderas,144796,Johnston McCulley,1998,144.7623431
45000000,Amen Ra Films,USA,Stephen Norrington,Action,70087718,Blade,R,8/21/1998,120,7.1,Wesley Snipes,206719,David S. Goyer,1998,155.7504844
15000000,Dimension Films,USA,Robert Rodriguez,Horror,40064955,The Faculty,R,12/25/1998,104,6.4,Jordana Brewster,96886,David Wechter,1998,267.0997
14000000,Phoenix Pictures,USA,Jamie Blanks,Horror,38072438,Urban Legend,R,9/25/1998,99,5.5,Jared Leto,50594,Silvio Horta,1998,271.9459857
55000000,Atlas Entertainment,Germany,Brad Silberling,Drama,78685114,Un ángel enamorado,PG-13,4/10/1998,114,6.7,Nicolas Cage,100012,Wim Wenders,1998,143.0638436
35000000,United Artists Corporation,USA,Randall Wallace,Action,56968902,The Man in the Iron Mask,PG-13,3/13/1998,132,6.5,Leonardo DiCaprio,134842,Alexandre Dumas,1998,162.7682914
3000000,Tomboy Films,UK,Kirk Jones,Comedy,24788807,Waking Ned Devine,PG,1/8/1999,91,7.3,Ian Bannen,22433,Kirk Jones,1998,826.2935667
90000000,Touchstone Pictures,USA,Tony Scott,Action,111549836,Enemy of the State,R,11/20/1998,132,7.3,Will Smith,199848,David Marconi,1998,123.9442622
4500000,New Line Cinema,USA,Ice Cube,Comedy,23031390,The Players Club,R,4/8/1998,104,5.7,LisaRaye McCoy,4688,Ice Cube,1998,511.8086667
66000000,Twentieth Century Fox Film Corporation,USA,Rob Bowman,Drama,83898313,The X Files,PG-13,6/19/1998,121,7,David Duchovny,90546,Chris Carter,1998,127.1186561
20000000,Twentieth Century Fox Film Corporation,USA,Kevin Rodney Sullivan,Comedy,37672350,How Stella Got Her Groove Back,R,8/14/1998,124,5.6,Angela Bassett,5794,Terry McMillan,1998,188.36175
24000000,Columbia Pictures,USA,Danny Cannon,Horror,40002112,I Still Know What You Did Last Summer,R,11/13/1998,100,4.6,Jennifer Love Hewitt,58906,Lois Duncan,1998,166.6754667
60000000,Touchstone Pictures,USA,Robert Redford,Drama,75383563,The Horse Whisperer,PG-13,5/15/1998,170,6.6,Robert Redford,34250,Nick Evans,1998,125.6392717
10000000,Columbia Pictures Corporation,USA,Harry Elfont,Comedy,25339117,Can't Hardly Wait,PG-13,6/12/1998,100,6.5,Jennifer Love Hewitt,39581,Deborah Kaplan,1998,253.39117
40000000,Universal Pictures,USA,Joe Dante,Action,54682547,Small Soldiers,PG-13,7/10/1998,108,6.1,Kirsten Dunst,81216,Gavin Scott,1998,136.7063675
15000000,Twentieth Century Fox Film Corporation,USA,Nicholas Hytner,Comedy,29106737,The Object of My Affection,R,4/17/1998,111,6,Jennifer Aniston,16506,Stephen McCauley,1998,194.0449133
13000000,TriStar Pictures,USA,Kirk Wong,Action,27052167,The Big Hit,R,4/24/1998,91,6.1,Mark Wahlberg,25792,Ben Ramsey,1998,208.0935923
17000000,Broadway Pictures,USA,John Fortenberry,Comedy,30324946,A Night at the Roxbury,PG-13,10/2/1998,82,6.2,Chris Kattan,50769,Steve Koren,1998,178.3820353
58000000,Paramount Pictures,USA,Jonathan Frakes,Action,70117571,Star Trek: Insurrection,PG,12/11/1998,103,6.4,Patrick Stewart,60249,Gene Roddenberry,1998,120.8923638
12000000,Miramax,USA,John Dahl,Crime,22905674,Rounders,R,9/11/1998,121,7.4,Matt Damon,128159,David Levien,1998,190.8806167
10000000,Tapestry Films,USA,Jim Abrahams,Comedy,19882538,Mafia!,PG-13,7/24/1998,87,5.5,Jay Mohr,13168,Jim Abrahams,1998,198.82538
20000000,Mandalay Entertainment,USA,John McNaughton,Crime,29753944,Wild Things,R,3/20/1998,108,6.5,Kevin Bacon,95388,Stephen Peters,1998,148.76972
8000000,Robert Simonds Productions,USA,Tamra Davis,Comedy,17278980,Half Baked,R,1/16/1998,82,6.7,Dave Chappelle,50868,Dave Chappelle,1998,215.98725
9000000,American Empirical Pictures,USA,Wes Anderson,Comedy,17105219,Rushmore,R,2/19/1999,93,7.7,Jason Schwartzman,144975,Wes Anderson,1998,190.0579889
60000000,Warner Bros.,USA,Andrew Davis,Crime,67638368,A Perfect Murder,R,6/5/1998,107,6.5,Michael Douglas,68263,Frederick Knott,1998,112.7306133
25000000,Midwinter Productions Inc.,USA,Ronny Yu,Comedy,32383850,Bride of Chucky,R,10/16/1998,89,5.4,Jennifer Tilly,42757,Don Mancini,1998,129.5354
3000000,Big Dog Films,Jamaica,Hype Williams,Crime,9630169,Belly,R,11/4/1998,96,6,Nas,7666,Anthony Bodden,1998,321.0056333
130000000,Centropolis Film Productions,USA,Roland Emmerich,Action,136314294,Godzilla,PG-13,5/20/1998,139,5.3,Matthew Broderick,160038,Dean Devlin,1998,104.8571492
3500000,Artisan Entertainment,USA,Neil Abramson,Comedy,9247881,Ringmaster,R,11/25/1998,90,3.2,Jerry Springer,4578,Jon Bernstein,1998,264.2251714
2000000,ShadowCatcher Entertainment,Canada,Chris Eyre,Comedy,6719300,Smoke Signals,PG-13,6/26/1998,89,7.2,Adam Beach,8559,Sherman Alexie,1998,335.965
70000000,Caravan Pictures,USA,Ivan Reitman,Action,74329966,Six Days Seven Nights,PG-13,6/12/1998,98,5.8,Harrison Ford,64070,Michael Browning,1998,106.1856657
23000000,DreamWorks,USA,John Roberts,Adventure,27008669,Paulie,PG,4/17/1998,91,6.5,Gena Rowlands,12531,Laurie Craig,1998,117.4289957
13000000,Dollface,USA,Mark Christopher,Drama,16574731,54,R,8/28/1998,93,5.8,Ryan Phillippe,28791,Mark Christopher,1998,127.4979308
60000,Harvest Filmworks,USA,Darren Aronofsky,Drama,3216970,Pi,R,7/10/1998,84,7.5,Sean Gullette,151309,Darren Aronofsky,1998,5361.616667
3500000,Lions Gate Films,USA,Bill Condon,Biography,6390032,Gods and Monsters,R,11/4/1998,105,7.5,Ian McKellen,26050,Christopher Bram,1998,182.5723429
9000000,Intermedia Films,UK,Peter Howitt,Comedy,11883495,Sliding Doors,PG-13,5/1/1998,99,6.8,Gwyneth Paltrow,55546,Peter Howitt,1998,132.0388333
2900000,"Audiovisual Development Bureau, Ministerio da Cultura",Brazil,Walter Salles,Drama,5595428,Central Station,R,11/20/1998,113,8,Fernanda Montenegro,30487,Marcos Bernstein,1998,192.9457931
15000000,Polygram Filmed Entertainment,USA,Joel Coen,Comedy,17451873,The Big Lebowski,R,3/6/1998,117,8.2,Jeff Bridges,592823,Ethan Coen,1998,116.34582
15000000,Metro-Goldwyn-Mayer (MGM),Australia,David Nutter,Horror,17411331,Perturbados,R,7/24/1998,84,5.5,James Marsden,18255,Scott Rosenberg,1998,116.07554
25000000,Art Linson Productions,USA,Alfonso Cuarón,Drama,26333044,Great Expectations,R,1/30/1998,111,6.8,Ethan Hawke,45205,Charles Dickens,1998,105.332176
14000000,Paramount Pictures,USA,Alan Cohn,Comedy,15062898,Dead Man on Campus,R,8/21/1998,96,6.1,Tom Everett Scott,12255,Anthony Abrams,1998,107.5921286
5000000,Rysher Entertainment,USA,Don Roos,Comedy,5881367,The Opposite of Sex,R,5/22/1998,105,6.5,Christina Ricci,18791,Don Roos,1998,117.62734
1500000,Cinépix Film Properties (CFP),USA,Vincent Gallo,Comedy,2375097,Buffalo '66,R,6/26/1998,110,7.5,Vincent Gallo,39256,Vincent Gallo,1998,158.3398
40000000,New Line Cinema,USA,Gary Ross,Comedy,40568025,Pleasantville,PG-13,10/23/1998,124,7.5,Tobey Maguire,108475,Gary Ross,1998,101.4200625
5000000,Fox Searchlight Pictures,USA,Tamara Jenkins,Comedy,5480318,Slums of Beverly Hills,R,9/11/1998,91,6.6,Natasha Lyonne,10079,Tamara Jenkins,1998,109.60636
1300000,Nimbus Film Productions,Denmark,Thomas Vinterberg,Drama,1647780,The Celebration,R,6/19/1998,105,8.1,Ulrich Thomsen,69371,Thomas Vinterberg,1998,126.7523077
20000000,Film Office,USA,John Carpenter,Action,20241395,Vampires,R,10/30/1998,108,6.1,James Woods,45366,John Steakley,1998,101.206975
700000,Blue Streak Films,USA,David Moreton,Comedy,870751,Edge of Seventeen,NOT RATED,4/20/2000,99,6.8,Chris Stafford,4954,Todd Stephens,1998,124.393
30000000,PolyGram Filmed Entertainment,UK,Shekhar Kapur,Biography,30082699,Elizabeth,R,2/19/1999,124,7.5,Cate Blanchett,80195,Michael Hirst,1998,100.2756633
6000,Next Wave Films,UK,Christopher Nolan,Crime,48482,Following,R,11/5/1999,69,7.6,Jeremy Theobald,72113,Christopher Nolan,1998,808.0333333
3000000,Good Machine,USA,Todd Solondz,Comedy,2807390,Happiness,UNRATED,10/16/1998,134,7.8,Jane Adams,58551,Todd Solondz,1998,93.57966667
10000000,Initial Entertainment Group (IEG),USA,Peter Berg,Comedy,9801782,Very Bad Things,R,11/25/1998,100,6.3,Christian Slater,41062,Peter Berg,1998,98.01782
5000000,Polygram Filmed Entertainment,USA,Neil LaBute,Comedy,4710749,Your Friends & Neighbors,R,8/21/1998,100,6.4,Amy Brenneman,7208,Neil LaBute,1998,94.21498
800000,38 Productions,France,Ziad Doueiri,Comedy,343229,West Beirut,PG-13,10/30/1998,105,7.8,Rami Doueiri,2545,Ziad Doueiri,1998,42.903625
1100000,Shooting Gallery,USA,John Pieplow,Horror,631221,Strangeland,R,10/2/1998,85,5,Kevin Gage,5935,Dee Snider,1998,57.38372727
10000000,Rhombus Media,Canada,François Girard,Drama,9473382,The Red Violin,R,6/11/1999,130,7.7,Carlo Cecchi,28172,Don McKellar,1998,94.73382
17000000,British Broadcasting Corporation (BBC),UK,Sam Raimi,Crime,16311763,A Simple Plan,R,1/22/1999,121,7.5,Bill Paxton,54106,Scott B. Smith,1998,95.95154706
7500000,New Line Cinema,USA,Tony Kaye,Crime,6719864,American History X,R,11/20/1998,119,8.5,Edward Norton,857333,David McKenna,1998,89.59818667
1000000,Andell Entertainment,USA,John Hamburg,Comedy,21210,Safe Men,R,8/7/1998,88,6,Sam Rockwell,2851,John Hamburg,1998,2.121
48000000,DiNovi Pictures,USA,Griffin Dunne,Comedy,46683377,Practical Magic,PG-13,10/16/1998,104,6.2,Sandra Bullock,60149,Alice Hoffman,1998,97.25703542
2000000,HSX Films,USA,Lance Mungia,Action,124494,Six-String Samurai,PG-13,9/18/1998,91,6.7,Jeffrey Falcon,5956,Jeffrey Falcon,1998,6.2247
15000000,Dimension Films,USA,Penelope Spheeris,Comedy,13035599,Senseless,R,2/20/1998,93,6,Marlon Wayans,11375,Greg Erb,1998,86.90399333
7000000,Arts Council of England,UK,Anand Tucker,Biography,4874838,Hilary and Jackie,R,2/5/1999,121,7.4,Emily Watson,8950,Hilary du Pré,1998,69.64054286
2500000,Zentropa Entertainments,Denmark,Lars von Trier,Comedy,7235,Los idiotas,R,5/21/1998,117,6.9,Bodil Jørgensen,25714,Lars von Trier,1998,0.2894
60000000,Warner Bros.,USA,Stuart Baird,Action,57167405,U.S. Marshals,PG-13,3/6/1998,131,6.5,Tommy Lee Jones,82606,Roy Huggins,1998,95.27900833
5000000,Castle Rock Entertainment,USA,Jake Kasdan,Comedy,1980338,Zero Effect,R,1/30/1998,116,7,Bill Pullman,12839,Jake Kasdan,1998,39.60676
13000000,Metro-Goldwyn-Mayer (MGM),Canada,Bob Saget,Comedy,9975684,Dirty Work,PG-13,6/12/1998,82,6.4,Norm MacDonald,20926,Frank Sebastiano,1998,76.73603077
25000000,Touchstone Pictures,USA,Spike Lee,Drama,21554585,He Got Game,R,5/1/1998,136,6.9,Denzel Washington,38487,Spike Lee,1998,86.21834
8000000,Regency Enterprises,USA,Marshall Herskovitz,Biography,4530929,Dangerous Beauty,R,2/20/1998,111,7.3,Catherine McCormack,13477,Margaret Rosenthal,1998,56.6366125
30000000,Twentieth Century Fox Film Corporation,USA,Warren Beatty,Comedy,26525834,Bulworth,R,5/22/1998,108,6.8,Warren Beatty,22893,Warren Beatty,1998,88.41944667
6000000,Polar Entertainment,USA,John Waters,Comedy,2281761,Pecker,R,10/9/1998,87,6.4,Edward Furlong,12098,John Waters,1998,38.02935
15000000,Polygram Filmed Entertainment,Canada,Steve Gomer,Adventure,11144518,Barney's Great Adventure,G,4/3/1998,76,2.9,George Hearn,2827,Stephen White,1998,74.29678667
15000000,Baltimore Pictures,USA,Dean Parisot,Comedy,10443316,Home Fries,PG-13,11/25/1998,91,5,Drew Barrymore,7388,Vince Gilligan,1998,69.62210667
20000000,Cinehaus,USA,Robert Benton,Crime,15030732,Twilight,R,3/6/1998,94,6.2,Paul Newman,8769,Robert Benton,1998,75.15366
13000000,Gotham Entertainment Group,USA,Daisy von Scherler Mayer,Comedy,8026971,Woo,R,5/8/1998,84,3.9,Jada Pinkett Smith,1586,David C. Johnson,1998,61.74593077
8000000,Castle Rock Entertainment,USA,Whit Stillman,Comedy,2987297,The Last Days of Disco,R,6/12/1998,113,6.6,Chloë Sevigny,10509,Whit Stillman,1998,37.3412125
14000000,Phoenix Pictures,USA,Bryan Singer,Crime,8838938,Apt Pupil,R,10/23/1998,111,6.7,Ian McKellen,30742,Stephen King,1998,63.13527143
50000000,Regency Enterprises,Germany,F. Gary Gray,Action,44484065,El mediador,R,7/29/1998,140,7.3,Samuel L. Jackson,113865,James DeMonaco,1998,88.96813
6000000,HK Film Corporation,USA,Tony Cinciripini,Drama,9122,Hell's Kitchen,R,1/19/2001,95,4.9,Rosanna Arquette,2209,Tony Cinciripini,1998,0.152033333
8000000,Fade In Films,USA,David Dobkin,Comedy,1789892,Clay Pigeons,R,9/25/1998,104,6.6,Joaquin Phoenix,9721,Matthew L. Healy,1998,22.37365
7000000,Miramax,USA,M. Night Shyamalan,Comedy,258212,Wide Awake,PG,3/20/1998,88,6.1,Joseph Cross,3440,M. Night Shyamalan,1998,3.688742857
30000000,Monarch Pictures,USA,Carl Franklin,Drama,23245840,One True Thing,R,9/18/1998,127,7,Meryl Streep,9970,Anna Quindlen,1998,77.48613333
12000000,Sweetland Films,USA,Woody Allen,Comedy,5032496,Celebrity,R,11/20/1998,113,6.3,Kenneth Branagh,21644,Woody Allen,1998,41.93746667
18500000,Fear and Loathing LLC,USA,Terry Gilliam,Adventure,10680275,Fear and Loathing in Las Vegas,R,5/22/1998,118,7.7,Johnny Depp,226427,Hunter S. Thompson,1998,57.73121622
9000000,Sciarlò,Italy,Giuseppe Tornatore,Drama,259127,The Legend of 1900,R,1/21/2000,165,8.1,Tim Roth,45151,Alessandro Baricco,1998,2.879188889
140000000,Warner Bros.,USA,Richard Donner,Action,130444603,Lethal Weapon 4,R,7/10/1998,127,6.6,Mel Gibson,135019,Shane Black,1998,93.17471643
10000000,Initial Entertainment Group (IEG),USA,Predrag Antonijevic,Drama,12903,Savior,R,11/20/1998,103,7.3,Dennis Quaid,9097,Robert Orr,1998,0.12903
14000000,Hyperion Pictures,UK,Willard Carroll,Comedy,3956212,Playing by Heart,R,1/22/1999,121,7.2,Gillian Anderson,17129,Willard Carroll,1998,28.25865714
48000000,Universal Pictures,USA,Steven Soderbergh,Crime,37562568,Out of Sight,R,6/26/1998,123,7,George Clooney,75099,Elmore Leonard,1998,78.25535
12000000,AMLF,UK,Gillies MacKinnon,Adventure,1262786,Hideous Kinky,R,1/13/1999,98,6.1,Kate Winslet,5757,Esther Freud,1998,10.52321667
80000000,New Line Cinema,USA,Stephen Hopkins,Action,69117629,Lost in Space,PG-13,4/3/1998,130,5.1,Gary Oldman,61386,Irwin Allen,1998,86.39703625
19000000,Twentieth Century Fox Film Corporation,USA,Dean Semler,Thriller,8041665,Firestorm,R,1/9/1998,89,4.6,Howie Long,3270,Chris Soth,1998,42.32455263
30000000,Columbia Pictures Corporation,USA,Antoine Fuqua,Action,18967571,The Replacement Killers,R,2/6/1998,87,6.1,Yun-Fat Chow,24291,Ken Sanzel,1998,63.22523667
30000000,Hollywood Pictures,USA,Mark Steven Johnson,Comedy,18252684,Simon Birch,PG,9/11/1998,114,6.9,Ian Michael Smith,19073,Mark Steven Johnson,1998,60.84228
27000000,Mystery Clock Cinema,Australia,Alex Proyas,Mystery,14378331,Ciudad en tinieblas,R,2/27/1998,100,7.7,Rufus Sewell,166822,Alex Proyas,1998,53.25307778
55000000,FGM Entertainment,UK,John Frankenheimer,Action,41616262,Ronin,R,9/25/1998,122,7.3,Robert De Niro,152869,J.D. Zeik,1998,75.66593091
28000000,Universal Pictures,USA,John Landis,Action,13979599,Blues Brothers 2000,PG-13,2/6/1998,123,4.8,Dan Aykroyd,27480,Dan Aykroyd,1998,49.92713929
105000000,DreamWorks,USA,Eric Darnell,Animation,90757863,Antz,PG,10/2/1998,83,6.6,Woody Allen,131396,Todd Alcott,1998,86.43606
18000000,Morgan Creek Productions,USA,John Warren,Comedy,3551208,Major League: Back to the Minors,PG-13,4/17/1998,100,4.5,Scott Bakula,6102,David S. Ward,1998,19.72893333
52000000,Fox 2000 Pictures,USA,Terrence Malick,Drama,36400491,The Thin Red Line,R,1/15/1999,170,7.6,Jim Caviezel,148812,James Jones,1998,70.00094423
27000000,Twentieth Century Fox Film Corporation,USA,Richard Linklater,Action,10297897,The Newton Boys,PG-13,3/27/1998,122,6,Matthew McConaughey,8995,Claude Stanush,1998,38.14035926
40000000,Warner Bros.,USA,Frederik Du Chau,Animation,22717758,The Magic Sword: Quest for Camelot,G,5/15/1998,86,6.2,Jessalyn Gilsig,12174,Vera Chapman,1998,56.794395
73000000,Paramount Pictures,USA,Brian De Palma,Crime,55585389,Snake Eyes,R,8/7/1998,98,6,Nicolas Cage,67384,Brian De Palma,1998,76.14436849
30000000,Walt Disney Pictures,USA,Arlene Sanford,Comedy,12213678,I'll Be Home for Christmas,PG,11/13/1998,86,5.4,Jonathan Taylor Thomas,7267,Tom Nursall,1998,40.71226
20000000,Dieter Geissler Filmproduktion,USA,Carl Schenkel,Action,2147114,Tarzan and the Lost City,PG,4/24/1998,100,3.9,Casper Van Dien,1892,Edgar Rice Burroughs,1998,10.73557
20000000,Regency Enterprises,USA,Roland Joffé,Comedy,1923061,Goodbye Lover,R,4/16/1999,102,5.7,Patricia Arquette,3012,Ron Peer,1998,9.615305
75000000,Touchstone Pictures,USA,Steven Zaillian,Drama,56702901,A Civil Action,PG-13,1/8/1999,115,6.5,John Travolta,24412,Jonathan Harr,1998,75.603868
24000000,DIC Entertainment,USA,Steve Boyum,Comedy,4308981,Meet the Deedles,PG,3/27/1998,93,3.9,Paul Walker,2385,Jim Herzfeld,1998,17.9540875
25000000,Enchanter Entertainment,USA,Robert Altman,Thriller,1534569,The Gingerbread Man,R,1/23/1998,114,5.7,Kenneth Branagh,9583,John Grisham,1998,6.138276
30000000,Turner Pictures (I),USA,Christopher Guest,Adventure,6114928,Almost Heroes,PG-13,5/29/1998,90,5.8,Chris Farley,13764,Mark Nutter,1998,20.38309333
25000000,Cruise/Wagner Productions,USA,Robert Towne,Biography,777423,Without Limits,PG-13,9/11/1998,117,7.2,Billy Crudup,6061,Robert Towne,1998,3.109692
35000000,Knock Films A.V.V.,Aruba,Hark Tsui,Action,10076136,Knock Off,R,9/4/1998,91,4.8,Jean-Claude Van Damme,12179,Steven E. de Souza,1998,28.78896
65000000,Award Entertainment,France,Mike Nichols,Comedy,38966057,Escándalo,R,3/20/1998,143,6.7,John Travolta,24802,Joe Klein,1998,59.94778
60000000,Universal Pictures,USA,Harold Becker,Action,32940507,Mercury Rising,R,4/3/1998,111,6.1,Bruce Willis,57649,Ryne Douglas Pearson,1998,54.900845
70000000,Twentieth Century Fox Film Corporation,USA,Edward Zwick,Action,40981289,The Siege,R,11/6/1998,116,6.3,Denzel Washington,61043,Lawrence Wright,1998,58.54469857
85000000,Polygram Filmed Entertainment,USA,Vincent Ward,Drama,55485043,What Dreams May Come,PG-13,10/2/1998,113,7,Robin Williams,88728,Richard Matheson,1998,65.27652118
45000000,Calimari Productions,USA,Stephen Sommers,Action,11203026,Deep Rising,R,1/30/1998,106,6,Treat Williams,28083,Stephen Sommers,1998,24.89561333
50000000,Mandalay Entertainment,USA,Barbet Schroeder,Action,13806137,Desperate Measures,R,1/30/1998,100,6.1,Michael Keaton,14476,David Klass,1998,27.612274
60000000,Warner Bros.,USA,Jeremiah S. Chechik,Action,23322832,The Avengers,PG-13,8/14/1998,89,3.7,Ralph Fiennes,36811,Sydney Newman,1998,38.87138667
60000000,Universal Pictures,USA,Gus Van Sant,Horror,21456130,Psycho,R,12/4/1998,105,4.6,Vince Vaughn,39983,Robert Bloch,1998,35.76021667
90000000,RKO Pictures,USA,Ron Underwood,Action,50632037,Mighty Joe Young,PG,12/25/1998,114,5.6,Bill Paxton,24374,Merian C. Cooper,1998,56.25781889
80000000,Warner Bros.,USA,Barry Levinson,Drama,37020277,Sphere,PG-13,2/13/1998,134,6,Dustin Hoffman,87413,Michael Crichton,1998,46.27534625
90000000,Universal Pictures,USA,Martin Brest,Drama,44619100,Meet Joe Black,PG-13,11/13/1998,178,7.1,Brad Pitt,180700,Ron Osborn,1998,49.57677778
60000000,Warner Bros.,UK,Paul W.S. Anderson,Action,14567883,Soldier,R,10/23/1998,99,6,Kurt Russell,46241,David Webb Peoples,1998,24.279805
60000000,Caravan Pictures,USA,Stephen Herek,Comedy,12065985,Holy Man,PG,10/9/1998,114,4.9,Eddie Murphy,17120,Tom Schulman,1998,20.109975
70000000,British Broadcasting Corporation (BBC) Television,USA,Mikael Salomon,Action,19819494,Hard Rain,R,1/16/1998,97,5.8,Morgan Freeman,28397,Graham Yost,1998,28.31356286
85000000,Warner Bros.,USA,Troy Miller,Comedy,34545030,Jack Frost,PG,12/11/1998,101,5.3,Michael Keaton,26466,Mark Steven Johnson,1998,40.64121176
80000000,Harpo Films,USA,Jonathan Demme,Drama,22852487,Beloved,R,10/16/1998,172,5.9,Oprah Winfrey,6354,Toni Morrison,1998,28.56560875
80000000,Kennedy Miller Productions,Australia,George Miller,Adventure,18319860,Babe el puerquito va a la ciudad,G,11/25/1998,97,5.8,Magda Szubanski,26946,George Miller,1998,22.899825
