budget,company,country,director,genre,gross,name,rating,released,runtime,score,star,votes,writer,year,profit
55000000,Warner Bros.,USA,Andrey Konchalovskiy,Action,63408614,Tango & Cash,R,12/22/1989,104,6.3,Sylvester Stallone,81242,Randy Feldman,1989,115.2883891
48000000,Paramount Pictures,USA,Steven Spielberg,Action,197171806,Indiana Jones and the Last Crusade,PG-13,5/24/1989,127,8.3,Harrison Ford,566432,Jeffrey Boam,1989,410.7745958
40000000,Universal Pictures,USA,Robert Zemeckis,Adventure,118500000,Back to the Future Part II,PG,11/22/1989,108,7.8,Michael J. Fox,377402,Robert Zemeckis,1989,296.25
40000000,Walt Disney Pictures,USA,Ron Clements,Animation,111543479,The Little Mermaid,G,11/17/1989,83,7.6,Jodi Benson,188455,John Musker,1989,278.8586975
37000000,Columbia Pictures Corporation,USA,Ivan Reitman,Action,112494738,Ghostbusters II,PG,6/16/1989,108,6.5,Bill Murray,152597,Dan Aykroyd,1989,304.0398324
35000000,TMS Entertainment,Japan,Masami Hata,Family,1368210,Little Nemo: Adventures in Slumberland,G,8/21/1992,85,7.2,Gabriel Damon,5800,Chris Columbus,1989,3.909171429
34000000,Columbia Pictures Corporation,USA,Luis Puenzo,Adventure,3574256,Old Gringo,R,10/6/1989,100,5.8,Jane Fonda,1556,Carlos Fuentes,1989,10.51251765
33000000,Renn Productions,France,Milos Forman,Drama,1132112,Valmont relaciones peligrosas,R,11/17/1989,137,7,Colin Firth,10789,Choderlos de Laclos,1989,3.430642424
32000000,Danjaq,UK,John Glen,Action,34667015,Licence to Kill,PG-13,7/14/1989,133,6.6,Timothy Dalton,79153,Michael G. Wilson,1989,108.3344219
31000000,Imagine Entertainment,USA,Ron Howard,Comedy,100047830,Parenthood,PG-13,8/2/1989,124,7,Steve Martin,37913,Lowell Ganz,1989,322.7349355
31000000,Universal Pictures,USA,Steven Spielberg,Fantasy,43858790,Always,PG,12/22/1989,122,6.4,Richard Dreyfuss,23834,Jerry Belson,1989,141.4799677
30000000,Eddie Murphy Productions,USA,Eddie Murphy,Comedy,60864870,Harlem Nights,R,11/17/1989,116,5.9,Eddie Murphy,15602,Eddie Murphy,1989,202.8829
30000000,Paramount Pictures,USA,Ridley Scott,Action,46212055,Black Rain,R,9/22/1989,125,6.6,Michael Douglas,42038,Craig Bolotin,1989,154.0401833
28000000,Warner Bros.,USA,Richard Donner,Action,147253986,Lethal Weapon 2,R,7/7/1989,114,7.2,Mel Gibson,137637,Jeffrey Boam,1989,525.9070929
27800000,Paramount Pictures,USA,William Shatner,Action,52210049,Star Trek V: The Final Frontier,PG,6/9/1989,107,5.4,William Shatner,47303,Gene Roddenberry,1989,187.8059317
27000000,Warner Bros.,USA,Jeremiah S. Chechik,Comedy,71320000,National Lampoon's Christmas Vacation,PG-13,12/1/1989,97,7.6,Chevy Chase,115848,John Hughes,1989,264.1481481
25000000,Filmauro,USA,George P. Cosmatos,Adventure,15704614,Leviathan,R,3/17/1989,98,5.8,Peter Weller,14315,David Webb Peoples,1989,62.818456
24000000,White Eagle,USA,John Flynn,Crime,22099847,Lock Up,R,8/4/1989,109,6.4,Sylvester Stallone,32079,Richard Smith,1989,92.08269583
22500000,Columbia Pictures Corporation,USA,Brian De Palma,Crime,18671317,Casualties of War,R,8/18/1989,113,7.1,Michael J. Fox,35439,Daniel Lang,1989,82.98363111
20000000,Paramount Pictures,USA,Neil Jordan,Comedy,10555348,We're No Angels,PG-13,12/15/1989,106,6,Robert De Niro,18558,David Mamet,1989,52.77674
20000000,Carolco Pictures,USA,Walter Hill,Crime,7237794,Johnny Handsome,R,9/29/1989,94,6.1,Mickey Rourke,7483,John Godey,1989,36.18897
20000000,Cine Location Services,USA,John Milius,Action,2420917,Farewell to the King,PG-13,3/3/1989,117,6.3,Nick Nolte,2282,Pierre Schoendoerffer,1989,12.104585
19000000,Universal Pictures,USA,Harold Becker,Crime,58571513,Sea of Love,R,9/15/1989,113,6.8,Al Pacino,32138,Richard Price,1989,308.2711211
19000000,Amblin Entertainment,USA,Gary David Goldberg,Drama,19738015,Dad,PG,11/10/1989,117,6.2,Jack Lemmon,3891,William Wharton,1989,103.8842895
19000000,Jack Rollins & Charles H. Joffe Productions,USA,Woody Allen,Comedy,18254702,Crimes and Misdemeanors,PG-13,11/3/1989,104,8,Martin Landau,46269,Woody Allen,1989,96.07737895
19000000,Malpaso Productions,USA,Buddy Van Horn,Action,12143484,Pink Cadillac,PG-13,5/26/1989,122,5.3,Clint Eastwood,9301,John Eskow,1989,63.91307368
18000000,Buena Vista Pictures,USA,Joe Johnston,Adventure,130724172,"Honey, I Shrunk the Kids",PG,6/23/1989,93,6.3,Rick Moranis,116845,Stuart Gordon,1989,726.2454
18000000,TriStar Pictures,USA,Arthur Hiller,Comedy,46908987,"See No Evil, Hear No Evil",R,5/12/1989,103,6.8,Richard Pryor,40102,Earl Barret,1989,260.6054833
18000000,TriStar Pictures,USA,Edward Zwick,Biography,26830000,Glory,R,2/16/1990,122,7.9,Matthew Broderick,107207,Kevin Jarre,1989,149.0555556
18000000,Orion Pictures,USA,Andrew Davis,Action,10647219,The Package,R,8/25/1989,108,6.4,Gene Hackman,6979,John Bishop,1989,59.15121667
18000000,Fries Entertainment,USA,Jeff Kanew,Adventure,8508843,Troop Beverly Hills,PG,3/24/1989,105,5.5,Shelley Long,7942,Ava Ostern Fries,1989,47.27135
18000000,Paramount Pictures,USA,Joe Pytka,Comedy,4973285,Let It Ride,PG-13,8/18/1989,90,6.9,Richard Dreyfuss,4382,Jay Cronley,1989,27.62936111
18000000,Warner Bros.,USA,Norman Jewison,Drama,3531971,In Country,R,9/29/1989,120,5.9,Emily Lloyd,2385,Bobbie Ann Mason,1989,19.62206111
17000000,Gordon Company,USA,Rod Daniel,Action,43247647,K-9,PG-13,4/28/1989,101,6,Jim Belushi,27310,Steven Siegel,1989,254.3979235
17000000,Silver Pictures,USA,Rowdy Herrington,Action,30050028,Road House,R,5/19/1989,114,6.5,Patrick Swayze,47394,R. Lance Hill,1989,176.7648706
17000000,Columbia Pictures Corporation,USA,Michael Crichton,Crime,3560932,Physical Evidence,R,1/27/1989,99,5.1,Burt Reynolds,1238,Steve Ransohoff,1989,20.94665882
16400000,Touchstone Pictures,USA,Peter Weir,Comedy,95860116,Dead Poets Society,PG,6/9/1989,128,8,Robin Williams,301100,Tom Schulman,1989,584.5129024
16000000,Castle Rock Entertainment,USA,Rob Reiner,Comedy,92823600,When Harry Met Sally...,R,7/21/1989,96,7.6,Billy Crystal,161347,Nora Ephron,1989,580.1475
16000000,TriStar Pictures,USA,Emile Ardolino,Comedy,16278590,Chances Are,PG,3/10/1989,108,6.4,Cybill Shepherd,9105,Perry Howze,1989,101.7411875
16000000,AM/PM Entertainment,USA,Robert Ellis Miller,Adventure,67878,Brenda Starr,PG,4/15/1992,93,4.6,Brooke Shields,856,Noreen Stone,1989,0.4242375
15000000,Universal Pictures,USA,John Hughes,Comedy,66758538,Uncle Buck,PG,8/16/1989,100,7,John Candy,68231,John Hughes,1989,445.05692
15000000,Touchstone Pictures,USA,Francis Veber,Action,40590000,Three Fugitives,PG-13,1/27/1989,96,6.1,Nick Nolte,9199,Francis Veber,1989,270.6
15000000,Universal Pictures,USA,Howard Zieff,Comedy,28890240,The Dream Team,PG-13,4/7/1989,113,6.5,Michael Keaton,10768,Jon Connolly,1989,192.6016
15000000,Touchstone Pictures,USA,Woody Allen,Comedy,10763469,New York Stories,PG,3/10/1989,124,6.4,Woody Allen,14652,Richard Price,1989,71.75646
14000000,Ixtlan,USA,Oliver Stone,Biography,70001698,Born on the Fourth of July,R,1/5/1990,145,7.2,Tom Cruise,82727,Ron Kovic,1989,500.0121286
14000000,Columbia Pictures Corporation,USA,Jonathan Kaplan,Drama,5932613,Immediate Family,PG-13,10/27/1989,95,6.1,Glenn Close,1235,Barbara Benedek,1989,42.37580714
13800000,Goldcrest Films International,Ireland,Don Bluth,Animation,27100027,All Dogs Go to Heaven,G,11/17/1989,84,6.7,Dom DeLuise,29118,Don Bluth,1989,196.3770072
13000000,Paramount Pictures,USA,Joel Schumacher,Comedy,22030000,Cousins,PG-13,2/10/1989,109,6.3,Ted Danson,3667,Jean-Charles Tacchella,1989,169.4615385
13000000,Gladden Entertainment,USA,Steve Kloves,Drama,16823529,The Fabulous Baker Boys,R,10/13/1989,114,6.8,Jeff Bridges,18751,Steve Kloves,1989,129.4117615
12000000,Lorimar Film Entertainment,USA,John Irvin,Action,15942628,Next of Kin,R,10/20/1989,108,5.7,Patrick Swayze,7644,Michael Jenning,1989,132.8552333
12000000,Warner Bros.,USA,Peter Bonerz,Comedy,11567217,Police Academy 6: City Under Siege,PG,3/10/1989,84,4.2,Bubba Smith,23683,Neal Israel,1989,96.393475
11500000,Paramount Pictures,USA,Mary Lambert,Horror,57469179,Pet Sematary,R,4/21/1989,103,6.6,Dale Midkiff,70178,Stephen King,1989,499.7319913
11500000,TriStar Pictures,USA,Richard Baskin,Drama,2260616,Sing,PG-13,3/31/1989,98,6.8,Lorraine Bracco,597,Dean Pitchford,1989,19.65753043
11000000,Mirage Enterprises,USA,David S. Ward,Comedy,49797148,Major League,R,4/7/1989,107,7.2,Tom Berenger,52280,David S. Ward,1989,452.7013455
10000000,De Laurentiis Entertainment Group (DEG),USA,Stephen Herek,Adventure,40485039,Bill & Ted's Excellent Adventure,PG,2/17/1989,90,6.9,Keanu Reeves,90901,Chris Matheson,1989,404.85039
10000000,Norman Twain Productions,USA,John G. Avildsen,Drama,31906454,Lean on Me,PG-13,3/3/1989,108,7.4,Morgan Freeman,15445,Michael Schiffer,1989,319.06454
10000000,David Foster Productions,USA,Graeme Clifford,Action,2777280,Gleaming the Cube,PG-13,1/13/1989,100,6.2,Christian Slater,5688,Michael Tolkin,1989,27.7728
10000000,TriStar Pictures,USA,Phillip Noyce,Action,2692037,Blind Fury,R,3/16/1990,86,6.3,Rutger Hauer,11576,Ryôzô Kasahara,1989,26.92037
10000000,Empire Pictures,USA,Stuart Gordon,Action,1272977,Robot Jox,PG,11/21/1990,85,5.3,Gary Graham,4665,Stuart Gordon,1989,12.72977
9000000,Renaissance Films,UK,Kenneth Branagh,Action,10161099,Henry V,PG-13,11/8/1989,137,7.7,Kenneth Branagh,24726,William Shakespeare,1989,112.9011
8000000,Universal Pictures,USA,Michael Ritchie,Comedy,35150960,Fletch Lives,PG,3/17/1989,95,6.1,Chevy Chase,16426,Gregory McDonald,1989,439.387
8000000,New Line Cinema,USA,Thomas J. Wright,Action,16093651,No Holds Barred,PG-13,6/2/1989,93,4.3,Hulk Hogan,4966,Dennis Hackin,1989,201.1706375
8000000,Carolco Entertainment,USA,Sean S. Cunningham,Action,8143225,DeepStar Six,R,1/13/1989,105,5.2,Greg Evigan,7701,Lewis Abernathy,1989,101.7903125
7500000,TriStar Pictures,USA,Amy Heckerling,Comedy,140088813,Look Who's Talking,PG-13,10/13/1989,93,5.8,John Travolta,67535,Amy Heckerling,1989,1867.85084
7500000,"Zanuck Company, The",USA,Bruce Beresford,Drama,106593296,Driving Miss Daisy,PG,1/26/1990,99,7.4,Morgan Freeman,79478,Alfred Uhry,1989,1421.243947
7000000,New World Pictures,USA,Steve Miner,Action,9094451,Warlock,R,1/11/1991,103,6.2,Julian Sands,12449,David Twohy,1989,129.9207286
6500000,40 Acres & A Mule Filmworks,USA,Spike Lee,Comedy,27545445,Do the Right Thing,R,7/21/1989,120,7.9,Danny Aiello,65617,Spike Lee,1989,423.7760769
6000000,New Line Cinema,USA,Stephen Hopkins,Fantasy,22168359,A Nightmare on Elm Street 5: The Dream Child,R,8/11/1989,89,5.1,Robert Englund,32517,Wes Craven,1989,369.47265
6000000,Finnegan/Pinchuk Productions,USA,Todd Holland,Adventure,14278900,The Wizard,PG,12/15/1989,96,6,Fred Savage,11308,David Chisholm,1989,237.9816667
6000000,"Samuel Goldwyn Company, The",USA,Bill Forsyth,Adventure,1877618,Breaking In,R,10/13/1989,94,6.1,Burt Reynolds,1209,John Sayles,1989,31.29363333
5000000,Alive Films,USA,Wes Craven,Comedy,16554699,Shocker,R,10/27/1989,109,5.4,Michael Murphy,12181,Wes Craven,1989,331.09398
5000000,Paramount Pictures,USA,Rob Hedden,Adventure,14343976,Friday the 13th Part VIII: Jason Takes Manhattan,R,7/28/1989,100,4.6,Jensen Daggett,25441,Rob Hedden,1989,286.87952
5000000,Silver Screen Partners III,USA,Jeff Blyth,Adventure,8153677,Cheetah,G,8/18/1989,83,6.1,Keith Coogan,703,Alan Caillou,1989,163.07354
5000000,Palace Pictures,UK,Zelda Barron,Comedy,6957975,Shag,PG,7/21/1989,98,6.3,Phoebe Cates,3203,Lanier Laney,1989,139.1595
5000000,Cinecorp SAC,USA,Jay Levey,Comedy,6157157,UHF,PG-13,7/21/1989,97,7,'Weird Al' Yankovic,22399,'Weird Al' Yankovic,1989,123.14314
5000000,Allied Vision,USA,Philippe Mora,Biography,1919653,Communion,R,11/10/1989,106,5.7,Christopher Walken,4489,Whitley Strieber,1989,38.39306
5000000,"Movie Group, The",USA,Robert Radler,Action,1700000,Best of the Best,PG-13,11/10/1989,97,6.4,Eric Roberts,10215,Phillip Rhee,1989,34
5000000,Aspen Film Society,USA,Christopher Guest,Comedy,117463,The Big Picture,PG-13,12/15/1989,100,6.3,Kevin Bacon,4057,Michael Varhol,1989,2.34926
4000000,Incorporated Television Company (ITC),USA,John Dahl,Action,283694,Kill Me Again,R,10/27/1989,94,6.3,Val Kilmer,3576,John Dahl,1989,7.09235
4000000,Lightyear Entertainment,USA,Jim Wynorski,Sci-Fi,192816,The Return of Swamp Thing,PG-13,5/12/1989,84,4.5,Dick Durock,3054,Len Wein,1989,4.8204
4000000,American Playhouse Theatrical Films,USA,Howard Brookner,Comedy,43671,Bloodhounds of Broadway,PG,11/3/1989,93,5.7,Josef Sommer,1021,Howard Brookner,1989,1.091775
3000000,Magnum Pictures Inc.,USA,Dominique Othenin-Girard,Horror,11642254,Halloween 5,R,10/13/1989,96,5.2,Donald Pleasence,25314,John Carpenter,1989,388.0751333
3000000,American Playhouse,USA,Norman René,Drama,4609953,Longtime Companion,R,5/1/1990,96,7.5,Stephen Caffrey,4560,Craig Lucas,1989,153.6651
3000000,Sean S. Cunningham Films,USA,James Isaac,Horror,1738897,The Horror Show,R,4/28/1989,95,4.9,Lance Henriksen,2627,Allyn Warner,1989,57.96323333
3000000,Great American Films Limited Partnership,Canada,Bob Balaban,Comedy,870532,Parents,R,1/27/1989,81,6.2,Randy Quaid,4968,Christopher Hawthorne,1989,29.01773333
3000000,High Bar Productions,USA,Jim Wheat,Horror,76325,After Midnight,R,11/3/1989,90,5.6,Jillian McWhirter,1173,Ken Wheat,1989,2.544166667
2800000,JVC Entertainment Networks,USA,Jim Jarmusch,Comedy,367879,Mystery Train,R,11/17/1989,110,7.6,Masatoshi Nagase,20241,Jim Jarmusch,1989,13.13853571
2500000,Avenue Pictures,USA,Gus Van Sant,Crime,4729352,Drugstore Cowboy,R,10/20/1989,102,7.4,Matt Dillon,26923,James Fogle,1989,189.17408
2500000,Larco Productions,USA,Larry Cohen,Comedy,43749,Wicked Stepmother,PG-13,2/3/1989,90,4.1,Bette Davis,1370,Larry Cohen,1989,1.74996
2300000,Lorimar Film Entertainment,USA,Michael Herz,Action,792966,The Toxic Avenger Part II,R,2/24/1989,102,5.1,Ron Fazio,5067,Lloyd Kaufman,1989,34.47678261
1500000,Kings Road Entertainment,USA,Mark DiSalle,Action,14697005,Kickboxer,R,9/8/1989,97,6.4,Jean-Claude Van Damme,40427,Mark DiSalle,1989,979.8003333
1500000,Incorporated Television Company (ITC),UK,Jeff Burr,Horror,1519796,Stepfather II,R,11/3/1989,93,5.6,Terry O'Quinn,2468,Carolyn Lefcourt,1989,101.3197333
1200000,Outlaw Productions (I),USA,Steven Soderbergh,Drama,24741700,"Sex, Lies, and Videotape",R,9/22/1989,100,7.2,James Spader,40625,Steven Soderbergh,1989,2061.808333
500000,Cannon Entertainment,USA,Albert Pyun,Action,10166459,Cyborg,R,4/7/1989,86,5,Jean-Claude Van Damme,24943,Albert Pyun,1989,2033.2918
75000,Action Features,USA,Hal Hartley,Comedy,546541,The Unbelievable Truth,R,11/8/1990,90,7.5,Adrienne Shelly,3877,Action Features,1989,728.7213333
