budget,company,country,director,genre,gross,name,rating,released,runtime,score,star,votes,writer,year,profit
8800000,Rimfire Films,Australia,Peter Faiman,Adventure,174635000,Crocodile Dundee,PG-13,9/26/1986,97,6.5,Paul Hogan,79465,Ken Shadie,1986,1984.488636
15000000,Paramount Pictures,USA,Tony Scott,Action,179800601,Top Gun,PG,5/16/1986,110,6.9,Tom Cruise,236909,Jim Cash,1986,1198.670673
6000000,Hemdale,UK,Oliver Stone,Drama,138530565,Platoon,R,2/6/1987,120,8.1,Charlie Sheen,317585,Oliver Stone,1986,2308.84275
25000000,Paramount Pictures,USA,Leonard Nimoy,Adventure,109713132,Star Trek IV: The Voyage Home,PG,11/26/1986,119,7.3,William Shatner,66366,Gene Roddenberry,1986,438.852528
11000000,Orion Pictures,USA,Alan Metter,Comedy,91258000,Back to School,PG-13,6/13/1986,96,6.6,Rodney Dangerfield,23120,Rodney Dangerfield,1986,829.6181818
18500000,Twentieth Century Fox Film Corporation,USA,James Cameron,Action,85160248,Aliens,R,7/18/1986,137,8.4,Sigourney Weaver,540152,James Cameron,1986,460.3256649
6000000,Paramount Pictures,USA,John Hughes,Comedy,70136369,Ferris Bueller's Day Off,PG-13,6/11/1986,103,7.8,Matthew Broderick,264740,John Hughes,1986,1168.939483
25000000,Paramount Pictures,USA,Michael Ritchie,Action,79817937,The Golden Child,PG-13,12/12/1986,94,5.9,Eddie Murphy,42997,Dennis Feldman,1986,319.271748
14000000,Touchstone Pictures,USA,Paul Mazursky,Comedy,62134225,Down and Out in Beverly Hills,R,1/31/1986,103,6.1,Nick Nolte,13569,René Fauchois,1986,443.8158929
8000000,Columbia Pictures Corporation,USA,Rob Reiner,Adventure,52287414,Stand by Me,R,8/22/1986,89,8.1,Wil Wheaton,299174,Stephen King,1986,653.592675
13800000,Touchstone Pictures,USA,Martin Scorsese,Drama,52293982,The Color of Money,R,10/17/1986,119,7,Paul Newman,62495,Walter Tevis,1986,378.9418986
6400000,Orion Pictures,USA,Woody Allen,Comedy,40084041,Hannah and Her Sisters,PG-13,3/14/1986,107,8,Mia Farrow,56988,Woody Allen,1986,626.3131406
9000000,Paramount Pictures,USA,Howard Deutch,Comedy,40471663,Pretty in Pink,PG-13,2/28/1986,96,6.8,Molly Ringwald,60565,John Hughes,1986,449.6851444
15000000,Jay Weston Productions,USA,Clint Eastwood,Action,42724017,Heartbreak Ridge,R,12/5/1986,130,6.8,Clint Eastwood,32954,James Carabatsos,1986,284.82678
10000000,Amblin Entertainment,USA,Richard Benjamin,Comedy,37499651,The Money Pit,PG,3/26/1986,91,6.3,Tom Hanks,41278,David Giler,1986,374.99651
15000000,SLM Production Group,USA,David Cronenberg,Drama,40456565,The Fly,R,8/15/1986,96,7.5,Jeff Goldblum,129698,George Langelaan,1986,269.7104333
14000000,Walt Disney Pictures,USA,Ron Clements,Animation,38600000,The Great Mouse Detective,G,7/2/1986,74,7.2,Vincent Price,36539,Peter Young,1986,275.7142857
25000000,Warner Bros.,USA,George P. Cosmatos,Action,49042224,Cobra,R,5/23/1986,87,5.7,Sylvester Stallone,54851,Paula Gosling,1986,196.168896
18000000,TriStar Pictures,USA,Francis Ford Coppola,Comedy,41382841,Peggy Sue Got Married,PG-13,10/10/1986,103,6.3,Kathleen Turner,28529,Jerry Leichtling,1986,229.9046722
6000000,De Haven Productions,UK,David Anspaugh,Drama,28607524,Hoosiers,PG,2/27/1987,114,7.6,Gene Hackman,36604,Angelo Pizzo,1986,476.7920667
19000000,Freddie Fields Productions,USA,Brian Gibson,Horror,40996665,Poltergeist II: The Other Side,PG-13,5/23/1986,91,5.7,JoBeth Williams,20669,Mark Victor,1986,215.7719211
18000000,Paramount Pictures,USA,Ron Howard,Comedy,36611610,Gung Ho,PG-13,3/14/1986,112,6.2,Michael Keaton,9965,Edwin Blum,1986,203.3978333
3000000,Paramount Pictures,USA,Tom McLoughlin,Horror,19472057,Jason Lives: Friday the 13th Part VI,R,8/1/1986,86,5.9,Thom Mathews,28310,Tom McLoughlin,1986,649.0685667
25000000,L.A. Films,USA,John Landis,Comedy,39246734,¡Three Amigos!,PG,12/12/1986,104,6.4,Steve Martin,57406,Steve Martin,1986,156.986936
25000000,"Geffen Company, The",USA,Frank Oz,Comedy,38747385,Little Shop of Horrors,PG-13,12/19/1986,94,6.9,Rick Moranis,53327,Howard Ashman,1986,154.98954
10000000,Touchstone Pictures,USA,Jeff Kanew,Comedy,21458229,Tough Guys,PG,10/3/1986,104,6.2,Burt Lancaster,5584,James Orr,1986,214.58229
2000000,New Line Cinema,USA,Stephen Herek,Action,13167232,Critters,PG-13,4/11/1986,82,6,Dee Wallace,25517,Domonic Muir,1986,658.3616
10000000,Orion Pictures,USA,Robert Mandel,Action,20603715,F/X,R,2/7/1986,109,6.7,Bryan Brown,14502,Robert T. Megginson,1986,206.03715
40000000,Universal Pictures,USA,Ivan Reitman,Comedy,49851591,Legal Eagles,PG,6/20/1986,116,5.9,Robert Redford,8374,Ivan Reitman,1986,124.6289775
9000000,Walt Disney Pictures,USA,Randal Kleiser,Adventure,18564613,Flight of the Navigator,PG,8/1/1986,90,6.9,Joey Cramer,36636,Mark H. Baker,1986,206.2734778
5000000,Paramount Pictures,USA,Fred Walton,Horror,12947763,April Fool's Day,R,3/28/1986,89,6.2,Deborah Foreman,11458,Danilo Bach,1986,258.95526
8500000,De Laurentiis Entertainment Group (DEG),USA,John Irvin,Action,16209459,Raw Deal,R,6/6/1986,106,5.5,Arnold Schwarzenegger,24851,Luciano Vincenzoni,1986,190.6995176
175000,40 Acres & A Mule Filmworks,USA,Spike Lee,Comedy,7137502,She's Gotta Have It,R,8/8/1986,84,6.6,Tracy Camilla Johns,5257,Spike Lee,1986,4078.572571
12000000,Golan-Globus Productions,USA,Menahem Golan,Action,17768900,The Delta Force,R,2/14/1986,125,5.6,Chuck Norris,15819,James Bruner,1986,148.0741667
2000000,Paragon Arts International,UK,Kevin Tenney,Horror,7369373,Witchboard,R,3/13/1987,98,5.7,Todd Allen,4744,Kevin Tenney,1986,368.46865
20000000,Paramount Pictures,USA,Mike Nichols,Comedy,25314289,Heartburn,R,7/25/1986,108,6.1,Meryl Streep,7570,Nora Ephron,1986,126.571445
1100000,Empire Pictures,USA,John Carl Buechler,Comedy,5450815,Troll,PG-13,1/17/1986,82,4.3,Michael Moriarty,7569,Ed Naha,1986,495.5286364
14000000,Columbia Pictures Corporation,USA,Richard Pryor,Biography,18034150,"Jo Jo Dancer, Your Life Is Calling",R,5/2/1986,97,6.3,Richard Pryor,1288,Rocco Urbisci,1986,128.8153571
6000000,Golan-Globus Productions,USA,J. Lee Thompson,Action,9947631,Murphy's Law,R,4/18/1986,100,5.9,Charles Bronson,3561,Gail Morgan Hickman,1986,165.79385
12000000,Columbia Pictures Corporation,USA,Mark L. Lester,Action,15945534,Armed and Dangerous,PG-13,8/15/1986,88,5.6,John Candy,9040,Brian Grazer,1986,132.87945
8000000,Cannon Group,USA,J. Lee Thompson,Action,11834302,Firewalker,PG,11/21/1986,104,5,Chuck Norris,4752,Robert Gosnell,1986,147.928775
4700000,Cannon Films,USA,Tobe Hooper,Comedy,8025872,The Texas Chainsaw Massacre 2,UNRATED,8/22/1986,89,5.6,Dennis Hopper,21253,L.M. Kit Carson,1986,170.763234
20000000,De Laurentiis Entertainment Group (DEG),USA,Bruce Beresford,Comedy,22905500,Crimes of the Heart,PG-13,1/23/1987,105,6.4,Diane Keaton,3079,Beth Henley,1986,114.5275
1900000,Hemdale,USA,Tim Hunter,Crime,4600000,River's Edge,R,5/8/1987,99,7.1,Crispin Glover,12862,Neal Jimenez,1986,242.1052632
6000000,De Laurentiis Entertainment Group (DEG),USA,David Lynch,Drama,8551228,Blue Velvet,R,10/23/1986,120,7.8,Isabella Rossellini,146768,David Lynch,1986,142.5204667
6000000,Twentieth Century Fox Film Corporation,USA,David Seltzer,Comedy,8200000,Lucas,PG-13,3/28/1986,100,6.8,Corey Haim,12228,David Seltzer,1986,136.6666667
3300000,Amaretto Films,USA,Richard Wenk,Comedy,4941117,Vamp,R,7/18/1986,93,5.9,Chris Makepeace,3909,Donald P. Borchers,1986,149.7308182
2700000,New Century Entertainment Corporation,USA,Mike Marvin,Action,3500000,The Wraith,PG-13,11/21/1986,93,5.9,Charlie Sheen,11635,Mike Marvin,1986,129.6296296
4000000,"Cannon Group, The",USA,Sam Firstenberg,Action,4679650,Avenging Force,R,9/12/1986,104,5.9,Michael Dudikoff,1808,James Booth,1986,116.99125
111000,Maljack Productions,USA,John McNaughton,Biography,609939,Henry: Portrait of a Serial Killer,UNRATED,9/7/1990,83,7,Michael Rooker,25367,Richard Fire,1986,549.4945946
1100000,Black Snake,USA,Jim Jarmusch,Comedy,1436000,Down by Law,R,10/30/1986,107,7.8,Tom Waits,39456,Jim Jarmusch,1986,130.5454545
3401376,Cinema Group Ventures,USA,Renny Harlin,Action,3388020,Born American,R,8/29/1986,97,4.3,Mike Norris,1509,Renny Harlin,1986,99.60733538
1500000,Cinetel Films,USA,Fred Olen Ray,Action,1368912,Armed Response,R,10/3/1986,86,4.9,David Carradine,489,T.L. Lankford,1986,91.2608
6000000,Sunbow Productions,USA,Nelson Shin,Animation,5849647,The Transformers: The Movie,PG,8/8/1986,84,7.3,Orson Welles,33609,Ron Friedman,1986,97.49411667
6000000,HBO Films,USA,Robert Harmon,Thriller,5844868,The Hitcher,R,2/21/1986,97,7.3,Rutger Hauer,36191,Eric Red,1986,97.41446667
2000000,American Playhouse,USA,Jerrold Freedman,Drama,1301121,Native Son,PG,12/12/1986,111,5.9,Victor Love,448,Richard Wesley,1986,65.05605
4000000,Initial Pictures,UK,Alex Cox,Biography,2826523,Sid and Nancy,R,11/7/1986,112,7.1,Gary Oldman,25032,Alex Cox,1986,70.663075
10000000,De Laurentiis Entertainment Group (DEG),USA,Stephen King,Action,7433663,Maximum Overdrive,R,7/25/1986,98,5.4,Emilio Estevez,24881,Stephen King,1986,74.33663
15000000,Warner Bros.,USA,Harold Ramis,Comedy,12308521,Club Paradise,PG-13,7/11/1986,96,4.9,Robin Williams,5049,Harry Shearer,1986,82.05680667
10000000,Paramount Pictures,USA,Michelle Manning,Action,6947787,Blue City,R,5/2/1986,83,4.4,Judd Nelson,792,Ross Macdonald,1986,69.47787
4500000,Empire Pictures,USA,Stuart Gordon,Horror,1261000,From Beyond,R,10/24/1986,86,6.7,Jeffrey Combs,16636,H.P. Lovecraft,1986,28.02222222
8700000,Delphi V Productions,USA,Paul Michael Glaser,Action,4865912,Band of the Hand,R,4/11/1986,109,6.3,Stephen Lang,2297,Leo Garen,1986,55.93002299
6500000,Cinema '85,USA,James Foley,Crime,2347000,At Close Range,R,4/18/1986,111,7,Sean Penn,11607,Elliott Lewitt,1986,36.10769231
12000000,Cinema Group Ventures,USA,Roger Spottiswoode,Comedy,7790931,The Best of Times,PG-13,1/31/1986,104,5.9,Robin Williams,5523,Ron Shelton,1986,64.924425
5000000,TriStar Pictures,USA,Fred Dekker,Comedy,591366,Night of the Creeps,R,8/22/1986,88,6.8,Jason Lively,16077,Fred Dekker,1986,11.82732
13000000,Metro-Goldwyn-Mayer (MGM),USA,Brian De Palma,Comedy,8475466,Wise Guys,R,4/18/1986,100,5.6,Danny DeVito,4573,George Gallo,1986,65.19589231
10000000,De Laurentiis Entertainment Group (DEG),USA,John Guillermin,Action,4711220,King Kong Lives,PG-13,12/19/1986,105,3.8,Brian Kerwin,4401,Ronald Shusett,1986,47.1122
18000000,Rastar Pictures,USA,Gene Saks,Comedy,11957943,Brighton Beach Memoirs,PG-13,12/25/1986,108,6.9,Blythe Danner,2720,Neil Simon,1986,66.43301667
15000000,De Laurentiis Entertainment Group (DEG),USA,Michael Mann,Crime,8620929,Manhunter,R,8/15/1986,120,7.2,William Petersen,54000,Thomas Harris,1986,57.47286
12000000,Cannon Pictures,USA,Tobe Hooper,Horror,4884663,Invaders from Mars,PG,6/6/1986,100,5.5,Karen Black,5878,Richard Blake,1986,40.705525
24500000,Warner Bros.,UK,Roland Joffé,Adventure,17218023,The Mission,PG,10/31/1986,125,7.5,Robert De Niro,47497,Robert Bolt,1986,70.2776449
8500000,Capital Equipment Leasing,UK,Trevor Nunn,Biography,277646,Lady Jane,PG-13,2/7/1986,136,7.2,Helena Bonham Carter,5364,Chris Bryant,1986,3.266423529
18000000,ABC Motion Pictures,USA,Harry Winer,Adventure,9697739,SpaceCamp,PG,6/6/1986,107,5.6,Kate Capshaw,11484,Clifford Green,1986,53.87632778
16000000,Thorn EMI Screen Entertainment,UK,Russell Mulcahy,Action,5900000,Highlander,R,3/7/1986,116,7.2,Christopher Lambert,104860,Gregory Widen,1986,36.875
17000000,Producers Sales Organization (PSO),USA,Adrian Lyne,Drama,6734844,9½ Weeks,R,2/21/1986,117,5.9,Mickey Rourke,31798,Elizabeth McNeill,1986,39.61672941
25000000,The Saul Zaentz Company,USA,Peter Weir,Adventure,14302779,The Mosquito Coast,PG,11/26/1986,117,6.6,Harrison Ford,23076,Paul Theroux,1986,57.211116
16000000,Lorimar Productions,USA,Sidney Lumet,Drama,3800000,Power,R,1/31/1986,111,5.7,Richard Gere,2287,David Himmelstein,1986,23.75
25000000,Henson Associates (HA),UK,Jim Henson,Adventure,12729917,Labyrinth,PG,6/27/1986,101,7.4,David Bowie,102879,Dennis Lee,1986,50.919668
15000000,Warner Bros.,USA,Michael Chapman,Adventure,1953732,The Clan of the Cave Bear,R,1/17/1986,98,5.3,Daryl Hannah,5340,Jean M. Auel,1986,13.02488
25000000,Twentieth Century Fox Film Corporation,USA,John Carpenter,Action,11100000,Big Trouble in Little China,PG-13,7/2/1986,99,7.3,Kurt Russell,101678,Gary Goldman,1986,44.4
18000000,Gladden Entertainment,USA,Marshall Brickman,Sci-Fi,3900000,The Manhattan Project,PG-13,6/13/1986,117,6.1,John Lithgow,4666,Marshall Brickman,1986,21.66666667
17000000,Escalante Productions,USA,Dick Richards,Action,2793214,Heat,R,3/13/1987,101,5.5,Burt Reynolds,1358,William Goldman,1986,16.43067059
17000000,HandMade Films,UK,Jim Goddard,Adventure,2315683,Shanghai Surprise,PG-13,8/29/1986,97,3.1,Sean Penn,4339,John Kohn,1986,13.62166471
18000000,J&M; Entertainment,UK,Zoran Perisic,Action,2295500,Sky Bandits,PG,10/31/1986,100,4.6,Scott McGinnis,183,Thom Keyes,1986,12.75277778
18000000,Producers Sales Organization (PSO),USA,Hal Ashby,Action,1305114,8 Million Ways to Die,R,4/25/1986,115,5.7,Jeff Bridges,3607,Lawrence Block,1986,7.250633333
35000000,Universal Pictures,USA,Willard Huyck,Action,16295774,Howard the Duck,PG,8/1/1986,110,4.6,Lea Thompson,36020,Steve Gerber,1986,46.55935429
25000000,De Laurentiis Entertainment Group (DEG),USA,Daryl Duke,Adventure,4007250,Tai-Pan,R,11/7/1986,127,5.5,Bryan Brown,1340,John Briley,1986,16.029
25000000,Brooksfilms,USA,Alan Johnson,Action,1579260,Solarbabies,PG-13,11/26/1986,94,4.8,Richard Jordan,3397,Walon Green,1986,6.31704
40000000,Carthago Films S.a.r.l.,France,Roman Polanski,Adventure,1641825,Piratas,PG-13,7/18/1986,121,6.1,Walter Matthau,6596,John Brownjohn,1986,4.1045625
