budget,company,country,director,genre,gross,name,rating,released,runtime,score,star,votes,writer,year,profit
130000000,Color Force,USA,Francis Lawrence,Action,424668047,The Hunger Games: Catching Fire,PG-13,11/22/2013,146,7.6,Jennifer Lawrence,535963,Simon Beaufoy,2013,326.6677285
76000000,Universal Pictures,USA,Pierre Coffin,Animation,368061265,Despicable Me 2,PG,7/3/2013,98,7.4,Steve Carell,314045,Cinco Paul,2013,484.2911382
150000000,Walt Disney Animation Studios,USA,Chris Buck,Animation,400738009,Frozen,PG,11/27/2013,102,7.5,Kristen Bell,464149,Jennifer Lee,2013,267.1586727
200000000,Marvel Studios,China,Shane Black,Action,409013994,Iron Man 3,PG-13,5/3/2013,130,7.2,Robert Downey Jr.,605330,Drew Pearce,2013,204.506997
100000000,Warner Bros.,UK,Alfonso Cuarón,Drama,274092705,Gravity,PG-13,10/4/2013,91,7.8,Sandra Bullock,638007,Alfonso Cuarón,2013,274.092705
20000000,New Line Cinema,USA,James Wan,Horror,137400141,The Conjuring,R,7/19/2013,112,7.5,Patrick Wilson,342870,Chad Hayes,2013,687.000705
43000000,Twentieth Century Fox Film Corporation,USA,Paul Feig,Action,159582188,The Heat,R,6/28/2013,117,6.6,Sandra Bullock,142704,Katie Dippold,2013,371.1213674
37000000,New Line Cinema,USA,Rawson Marshall Thurber,Comedy,150394119,We're the Millers,R,8/7/2013,110,7,Jason Sudeikis,342500,Bob Fisher,2013,406.4705919
40000000,Columbia Pictures,USA,David O. Russell,Crime,150117807,American Hustle,R,12/20/2013,138,7.3,Christian Bale,386428,Eric Warren Singer,2013,375.2945175
35000000,Aggregate Films,USA,Seth Gordon,Comedy,134506920,Identity Thief,R,2/8/2013,111,5.7,Jason Bateman,105070,Craig Mazin,2013,384.3054857
15000000,Dickhouse Productions,USA,Jeff Tremaine,Comedy,102003019,Bad Grandpa,R,10/25/2013,92,6.5,Johnny Knoxville,81683,Johnny Knoxville,2013,680.0201267
30000000,Follow Through Productions,USA,Lee Daniels,Biography,116632095,Lee Daniels' The Butler,PG-13,8/16/2013,132,7.2,Forest Whitaker,94884,Danny Strong,2013,388.77365
40000000,Film 44,USA,Peter Berg,Action,125095601,Lone Survivor,R,1/10/2014,121,7.5,Mark Wahlberg,224829,Peter Berg,2013,312.7390025
160000000,Universal Pictures,USA,Justin Lin,Action,238679850,Fast & Furious 6,PG-13,5/24/2013,130,7.1,Vin Diesel,324918,Chris Morgan,2013,149.1749063
5000000,FilmDistrict,USA,James Wan,Horror,83586447,Insidious: Chapter 2,PG-13,9/13/2013,106,6.6,Patrick Wilson,123320,Leigh Whannell,2013,1671.72894
50000000,Paramount Pictures,USA,Adam McKay,Comedy,127352707,Anchorman 2: The Legend Continues,PG-13,12/18/2013,119,6.3,Will Ferrell,142452,Will Ferrell,2013,254.705414
32000000,Columbia Pictures,USA,Evan Goldberg,Comedy,101470202,This Is the End,R,6/12/2013,107,6.6,James Franco,334845,Seth Rogen,2013,317.0943813
200000000,Walt Disney Pictures,USA,Dan Scanlon,Animation,268492764,Monsters University,G,6/21/2013,104,7.3,Billy Crystal,258992,Dan Scanlon,2013,134.246382
225000000,Warner Bros.,USA,Zack Snyder,Action,291045518,Man of Steel,PG-13,6/14/2013,143,7.1,Henry Cavill,590734,David S. Goyer,2013,129.3535636
3000000,Universal Pictures,France,James DeMonaco,Horror,64473115,La noche de la expiación,R,6/7/2013,85,5.7,Ethan Hawke,159252,James DeMonaco,2013,2149.103833
40000000,Warner Bros.,USA,Brian Helgeland,Biography,95001343,42,PG-13,4/12/2013,128,7.5,Chadwick Boseman,71006,Brian Helgeland,2013,237.5033575
80000000,Columbia Pictures,USA,Dennis Dugan,Comedy,133668525,Grown Ups 2,PG-13,7/12/2013,101,5.4,Adam Sandler,117428,Fred Wolf,2013,167.0856563
17000000,Universal Pictures,USA,Malcolm D. Lee,Comedy,70525195,The Best Man Holiday,R,11/15/2013,123,6.7,Monica Calhoun,12301,Malcolm D. Lee,2013,414.8540882
135000000,DreamWorks Animation,USA,Kirk De Micco,Animation,187168425,The Croods,PG,3/22/2013,98,7.2,Nicolas Cage,163313,Chris Sanders,2013,138.6432778
55000000,Scott Rudin Productions,USA,Paul Greengrass,Biography,107100855,Captain Phillips,PG-13,10/11/2013,134,7.8,Tom Hanks,354410,Billy Ray,2013,194.7288273
20000000,Universal Pictures,Canada,Andy Muschietti,Horror,71628180,Mamá,PG-13,1/18/2013,100,6.2,Jessica Chastain,146508,Andy Muschietti,2013,358.1409
35000000,Walt Disney Pictures,USA,John Lee Hancock,Biography,83301580,Saving Mr. Banks,PG-13,12/20/2013,125,7.5,Emma Thompson,128240,Kelly Marcel,2013,238.0045143
28000000,Relativity Media,USA,Lasse Hallström,Drama,71349120,Safe Haven,PG-13,2/14/2013,115,6.7,Julianne Hough,87269,Dana Stevens,2013,254.8182857
75000000,Summit Entertainment,USA,Louis Leterrier,Crime,117723989,Now You See Me,PG-13,5/31/2013,115,7.3,Jesse Eisenberg,505432,Ed Solomon,2013,156.9653187
78000000,Columbia Pictures,USA,Cody Cameron,Animation,119793567,Cloudy with a Chance of Meatballs 2,PG,9/27/2013,95,6.4,Bill Hader,71615,Erica Rivinoja,2013,153.5814962
50000000,Prana Studios,USA,Klay Hall,Animation,90288712,Planes,PG,8/9/2013,91,5.8,Carlos Alazraqui,37338,John Lasseter,2013,180.577424
105000000,Warner Bros.,Australia,Baz Luhrmann,Drama,144840419,El gran Gatsby,PG-13,5/10/2013,143,7.3,Leonardo DiCaprio,394723,Baz Luhrmann,2013,137.9432562
5000000,Alebrije Cine y Video,Mexico,Eugenio Derbez,Comedy,44467206,Instructions Not Included,PG-13,9/6/2013,115,7.6,Eugenio Derbez,24412,Guillermo Ríos,2013,889.34412
13000000,TriStar Pictures,USA,Brad Anderson,Crime,51872378,The Call,R,3/15/2013,100,6.7,Halle Berry,95726,Richard D'Ovidio,2013,399.0182923
190000000,Paramount Pictures,USA,J.J. Abrams,Action,228778661,Star Trek Into Darkness,PG-13,5/16/2013,132,7.8,Chris Pine,423966,Roberto Orci,2013,120.4098216
2500000,Open Road Films,USA,Michael Tiddes,Comedy,40041683,A Haunted House,R,1/11/2013,86,5.1,Marlon Wayans,37158,Marlon Wayans,2013,1601.66732
17000000,TriStar Pictures,USA,Fede Alvarez,Fantasy,54239856,Evil Dead,R,4/5/2013,91,6.5,Jane Levy,135944,Fede Alvarez,2013,319.0579765
20000000,Regency Enterprises,USA,Steve McQueen,Biography,56671993,12 Years a Slave,R,11/8/2013,134,8.1,Chiwetel Ejiofor,503763,John Ridley,2013,283.359965
170000000,Marvel Studios,USA,Alan Taylor,Action,206362140,Thor: The Dark World,PG-13,11/8/2013,112,7,Chris Hemsworth,456007,Christopher Yost,2013,121.3894941
28000000,CBS Films,USA,Jon Turteltaub,Comedy,63914167,Last Vegas,PG-13,11/1/2013,105,6.6,Robert De Niro,114125,Dan Fogelman,2013,228.2648821
225000000,Metro-Goldwyn-Mayer (MGM),USA,Peter Jackson,Adventure,258366855,The Hobbit: The Desolation of Smaug,PG-13,12/13/2013,161,7.9,Ian McKellen,524571,Fran Walsh,2013,114.8297133
35000000,Summit Entertainment,USA,Jonathan Levine,Comedy,66380662,Warm Bodies,PG-13,2/1/2013,98,6.9,Nicholas Hoult,196631,Jonathan Levine,2013,189.6590343
70000000,Millennium Films,USA,Antoine Fuqua,Action,98925640,Olympus Has Fallen,R,3/22/2013,119,6.5,Gerard Butler,218879,Creighton Rothenberger,2013,141.3223429
15000000,Exclusive Media Group,USA,Ric Roman Waugh,Action,42930462,Snitch,PG-13,2/22/2013,112,6.5,Dwayne Johnson,69553,Justin Haythe,2013,286.20308
12000000,The Weinstein Company,UK,Stephen Frears,Biography,37707719,Philomena,PG-13,11/27/2013,98,7.6,Judi Dench,82660,Steve Coogan,2013,314.2309917
26000000,Paramount Pictures,USA,Michael Bay,Action,49875291,Pain & Gain,R,4/26/2013,129,6.5,Mark Wahlberg,172482,Christopher Markus,2013,191.8280423
5000000,Relativity Media,USA,Mike Flanagan,Horror,27695246,Oculus,R,4/11/2014,104,6.5,Karen Gillan,95687,Mike Flanagan,2013,553.90492
5000000,Truth Entertainment (II),USA,Jean-Marc Vallée,Biography,27298285,Dallas Buyers Club,R,11/22/2013,117,8,Matthew McConaughey,362192,Craig Borten,2013,545.9657
3000000,Voltage Pictures,USA,Joseph Gordon-Levitt,Comedy,24477704,Don Jon,R,9/27/2013,90,6.6,Joseph Gordon-Levitt,203473,Joseph Gordon-Levitt,2013,815.9234667
215000000,Walt Disney Pictures,USA,Sam Raimi,Adventure,234911825,Oz the Great and Powerful,PG,3/8/2013,130,6.3,James Franco,183680,Mitchell Kapner,2013,109.261314
100000000,Red Granite Pictures,USA,Martin Scorsese,Biography,116900694,The Wolf of Wall Street,R,12/25/2013,180,8.2,Leonardo DiCaprio,895552,Terence Winter,2013,116.900694
5000000,Sycamore Pictures,USA,Nat Faxon,Comedy,21501098,The Way Way Back,PG-13,7/26/2013,103,7.4,Steve Carell,124197,Nat Faxon,2013,430.02196
18000000,Gravier Productions,USA,Woody Allen,Drama,33405481,Blue Jasmine,PG-13,8/23/2013,98,7.3,Cate Blanchett,164208,Woody Allen,2013,185.5860056
900000,Forest Whitaker's Significant Productions,USA,Ryan Coogler,Biography,16097842,Fruitvale Station,R,7/26/2013,85,7.5,Michael B. Jordan,59913,Ryan Coogler,2013,1788.649111
46000000,Alcon Entertainment,USA,Denis Villeneuve,Crime,61002302,Prisoners,R,9/20/2013,153,8.1,Hugh Jackman,449489,Aaron Guzikowski,2013,132.6137
61000000,Universal Pictures,USA,Baltasar Kormákur,Action,75612460,2 Guns,R,8/2/2013,109,6.7,Denzel Washington,168840,Blake Masters,2013,123.9548525
20000000,Lionsgate,USA,John Luessenhop,Horror,34341945,Texas Chainsaw 3D,R,1/4/2013,92,4.8,Alexandra Daddario,38083,Adam Marcus,2013,171.709725
3500000,Alliance Films,USA,Scott Stewart,Horror,17411930,Dark Skies,PG-13,2/22/2013,97,6.3,Keri Russell,61914,Scott Stewart,2013,497.4837143
25000000,The Weinstein Company,USA,John Wells,Drama,37738503,August: Osage County,R,1/10/2014,121,7.2,Meryl Streep,73438,Tracy Letts,2013,150.954012
13000000,Relativity Media,USA,Jon Lucas,Comedy,25682380,21 & Over,R,3/1/2013,93,5.9,Miles Teller,64737,Jon Lucas,2013,197.5567692
120000000,Twentieth Century Fox Film Corporation,USA,James Mangold,Action,132556852,The Wolverine,PG-13,7/26/2013,126,6.7,Hugh Jackman,364907,Mark Bomback,2013,110.4640433
190000000,Paramount Pictures,USA,Marc Forster,Action,202359711,World War Z,PG-13,6/21/2013,116,7,Brad Pitt,507319,Matthew Michael Carnahan,2013,106.5051111
20000000,Dimension Films,USA,Malcolm D. Lee,Comedy,32015787,Scary Movie 5,PG-13,4/12/2013,88,3.5,Simon Rex,54324,David Zucker,2013,160.078935
8000000,Fox Searchlight Pictures,USA,Nicole Holofcener,Comedy,17536788,Enough Said,PG-13,10/11/2013,93,7.1,Julia Louis-Dreyfus,52358,Nicole Holofcener,2013,219.20985
103000000,Green Hat Films,USA,Todd Phillips,Comedy,112200072,The Hangover Part III,R,5/23/2013,100,5.9,Bradley Cooper,245488,Todd Phillips,2013,108.9321087
8000000,Exclusive Media Group,USA,John Carney,Comedy,16170632,Begin Again,R,7/11/2014,104,7.4,Keira Knightley,115851,John Carney,2013,202.1329
100000000,Twentieth Century Fox Animation,USA,Chris Wedge,Animation,107518682,Epic,PG,5/24/2013,102,6.7,Amanda Seyfried,90501,James V. Hart,2013,107.518682
30000000,EuropaCorp,USA,Luc Besson,Comedy,36918811,The Family,R,9/13/2013,111,6.3,Robert De Niro,95229,Luc Besson,2013,123.0627033
20000000,Universal Pictures,UK,Edgar Wright,Action,26004851,The World's End,R,8/23/2013,109,7,Simon Pegg,207634,Simon Pegg,2013,130.024255
50000000,Paramount Pictures,Germany,Tommy Wirkola,Action,55703475,Hansel y Gretel: Cazadores de brujas,R,1/25/2013,88,6.1,Jeremy Renner,170882,Tommy Wirkola,2013,111.40695
12000000,Paramount Vantage,USA,Alexander Payne,Adventure,17654912,Nebraska,R,1/24/2014,115,7.7,Bruce Dern,97893,Bob Nelson,2013,147.1242667
30000000,Metro-Goldwyn-Mayer (MGM),USA,Kimberly Peirce,Drama,35266619,Carrie,R,10/18/2013,100,5.9,Chloë Grace Moretz,115826,Lawrence D. Cohen,2013,117.5553967
3000000,Faliro House Productions,USA,Richard Linklater,Drama,8114627,Before Midnight,R,6/14/2013,109,7.9,Ethan Hawke,108281,Richard Linklater,2013,270.4875667
26000000,Touchstone Pictures,USA,Ken Scott,Comedy,30664106,Delivery Man,PG-13,11/22/2013,105,6.4,Vince Vaughn,65081,Ken Scott,2013,117.9388692
2500000,Andrew Lauren Productions (ALP),USA,James Ponsoldt,Comedy,6851969,The Spectacular Now,R,9/13/2013,95,7.1,Miles Teller,119642,Scott Neustadter,2013,274.07876
12000000,Open Road Films (II),USA,Joshua Michael Stern,Biography,16117443,Jobs,PG-13,8/16/2013,128,5.9,Ashton Kutcher,83258,Matt Whiteley,2013,134.312025
38000000,Entertainment One,USA,David Twohy,Action,42025135,Riddick,R,9/6/2013,119,6.4,Vin Diesel,134609,David Twohy,2013,110.5924605
12000000,Translux,UK,Richard Curtis,Comedy,15322921,About Time,R,11/8/2013,123,7.8,Domhnall Gleeson,228554,Richard Curtis,2013,127.6910083
1000000,Sikhya Entertainment,India,Ritesh Batra,Drama,4231500,The Lunchbox,PG,9/20/2013,104,7.8,Irrfan Khan,36929,Ritesh Batra,2013,423.15
6000000,Relativity Media,USA,Elizabeth Banks,Comedy,8828771,Movie 43,R,1/25/2013,94,4.3,Emma Stone,85609,Rocky Russo,2013,147.1461833
23000000,Annapurna Pictures,USA,Spike Jonze,Drama,25568251,Her,R,1/10/2014,126,8,Joaquin Phoenix,404796,Spike Jonze,2013,111.1663087
19000000,Fox 2000 Pictures,USA,Brian Percival,Drama,21488481,The Book Thief,PG-13,11/27/2013,131,7.6,Sophie Nélisse,108953,Markus Zusak,2013,113.0972684
11000000,CBS Films,USA,Ethan Coen,Drama,13235319,Inside Llewyn Davis,R,1/10/2014,104,7.5,Oscar Isaac,109079,Joel Coen,2013,120.3210818
30000000,Endgame Entertainment,USA,Steven Soderbergh,Crime,32172757,Side Effects,R,2/8/2013,106,7.1,Rooney Mara,157546,Scott Z. Burns,2013,107.2425233
1500000,3 Arts Entertainment,USA,Maggie Carey,Comedy,3447339,The To Do List,R,7/26/2013,104,5.8,Aubrey Plaza,32105,Maggie Carey,2013,229.8226
6000000,Worldview Entertainment,USA,Eli Roth,Adventure,7192291,The Green Inferno,R,9/25/2015,100,5.3,Lorenza Izzo,28341,Guillermo Amoedo,2013,119.8715167
28000000,Universal Pictures,USA,Jeff Wadlow,Action,28795985,Kick-Ass 2,R,8/16/2013,103,6.6,Aaron Taylor-Johnson,219877,Jeff Wadlow,2013,102.8428036
50000,erbp,USA,Shane Carruth,Drama,444098,Upstream Color,NOT RATED,1/3/2014,96,6.7,Amy Seimetz,25775,Shane Carruth,2013,888.196
50000,Bellanova Films,USA,James Ward Byrkit,Mystery,68877,Coherence,NOT RATED,8/6/2014,89,7.2,Emily Baldoni,71677,James Ward Byrkit,2013,137.754
10900000,DJ Films,UK,Amma Asante,Biography,10726630,Belle,PG,6/13/2014,100,7.4,Gugu Mbatha-Raw,23053,Misan Sagay,2013,98.40944954
250000,Prettybird,USA,Paul Schrader,Drama,49494,The Canyons,R,8/2/2013,99,3.9,Lindsay Lohan,9126,Bret Easton Ellis,2013,19.7976
1066167,The Lab of Madness,USA,Jeremy Saulnier,Crime,258113,Blue Ruin,R,7/9/2014,90,7.1,Macon Blair,51447,Jeremy Saulnier,2013,24.20943436
3300000,Day Twenty- Eight Films,USA,Ron Krauss,Drama,1359563,Gimme Shelter,PG-13,10/29/2014,100,6.5,Vanessa Hudgens,7082,Ron Krauss,2013,41.19887879
8000000,American Zoetrope,USA,Sofia Coppola,Biography,5841046,The Bling Ring,R,6/21/2013,90,5.6,Katie Chang,72810,Sofia Coppola,2013,73.013075
22000000,Open Road Films (II),USA,Gary Fleder,Action,19783777,Homefront,R,11/27/2013,100,6.5,Jason Statham,90430,Sylvester Stallone,2013,89.92625909
9000000,Before The Door Pictures,USA,J.C. Chandor,Action,6263670,All Is Lost,PG-13,11/7/2013,106,6.9,Robert Redford,64524,J.C. Chandor,2013,69.59633333
4000000,Worldview Entertainment,USA,David Gordon Green,Drama,373375,Joe,R,4/11/2014,117,6.9,Nicolas Cage,39431,Gary Hawkins,2013,9.334375
4000000,Worldview Entertainment,USA,Ti West,Horror,9039,The Sacrament,R,5/1/2014,99,6.1,Joe Swanberg,13644,Ti West,2013,0.225975
4800000,Space Rocket Nation,Denmark,Nicolas Winding Refn,Crime,778565,Sólo Dios perdona,R,9/20/2013,90,5.7,Ryan Gosling,91897,Nicolas Winding Refn,2013,16.22010417
6500000,Scott Free Productions,UK,Zal Batmanglij,Adventure,2268296,The East,PG-13,6/28/2013,116,6.8,Brit Marling,44425,Zal Batmanglij,2013,34.89686154
18000000,Indian Paintbrush,USA,Jason Reitman,Drama,13362308,Labor Day,PG-13,1/31/2014,111,6.9,Kate Winslet,35029,Jason Reitman,2013,74.23504444
5000000,Unclaimed Freight Productions,USA,Randall Miller,Drama,40040,CBGB,R,10/11/2013,101,6.6,Alan Rickman,7038,Jody Savin,2013,0.8008
5000000,Steel Mill Pictures,UK,Jon S. Baird,Comedy,34321,Filth,R,4/24/2014,97,7.1,James McAvoy,84261,Jon S. Baird,2013,0.68642
7000000,Recorded Picture Company (RPC),Germany,Jim Jarmusch,Comedy,1879534,Sólo los amantes sobreviven,R,4/17/2015,123,7.3,Tilda Swinton,70934,Jim Jarmusch,2013,26.85048571
7000000,"Safran Company, The",Spain,Jorge Dorado,Drama,4288,Anna,R,1/24/2014,99,6.5,Mark Strong,16817,Guy Holmes,2013,0.061257143
30000000,New Line Cinema,USA,Don Scardino,Adventure,22525921,The Incredible Burt Wonderstone,PG-13,3/15/2013,100,5.9,Steve Carell,63722,Jonathan Goldstein,2013,75.08640333
130000000,Paramount Pictures,USA,Jon M. Chu,Action,122523060,G.I. Joe: Retaliation,PG-13,3/28/2013,110,5.8,Dwayne Johnson,154740,Rhett Reese,2013,94.24850769
11000000,No Trace Camping,Ireland,Michael Dowse,Comedy,3452117,What If,PG-13,8/15/2014,98,6.8,Daniel Radcliffe,57422,Elan Mastai,2013,31.38288182
25000000,Fox 2000 Pictures,UK,Ridley Scott,Crime,16973715,The Counsellor,R,10/25/2013,117,5.3,Michael Fassbender,86494,Cormac McCarthy,2013,67.89486
8500000,Voltage Pictures,UK,Terry Gilliam,Comedy,219438,The Zero Theorem,R,8/19/2014,107,6.1,Christoph Waltz,38378,Pat Rushin,2013,2.581623529
8500000,Worldview Entertainment,UK,Eran Creevy,Action,6787,Welcome to the Punch,R,3/15/2013,99,6.1,James McAvoy,28765,Eran Creevy,2013,0.079847059
10000000,"American Film Company, The",USA,Peter Landesman,Drama,652355,Parkland,PG-13,10/2/2013,93,6.3,Zac Efron,12682,Peter Landesman,2013,6.52355
10000000,Millennium Films,USA,Rob Epstein,Biography,356582,Lovelace,R,9/20/2013,93,6.2,Amanda Seyfried,33357,Andy Bellin,2013,3.56582
11000000,Memento Films Production,France,Asghar Farhadi,Drama,1330596,El pasado,PG-13,8/7/2014,130,7.8,Bérénice Bejo,37148,Asghar Farhadi,2013,12.09632727
40000000,Callahan Filmworks,USA,Peter Segal,Comedy,29807260,Grudge Match,PG-13,12/25/2013,113,6.4,Robert De Niro,50116,Tim Kelleher,2013,74.51815
12000000,Fox Searchlight Pictures,UK,Chan-wook Park,Drama,1702277,Stoker,R,4/5/2013,99,6.8,Mia Wasikowska,90922,Wentworth Miller,2013,14.18564167
22000000,Appian Way,UK,Scott Cooper,Crime,11326836,Out of the Furnace,R,12/6/2013,116,6.8,Christian Bale,90855,Brad Ingelsby,2013,51.48561818
30000000,Regency Enterprises,USA,Brad Furman,Crime,19316646,Runner Runner,R,10/4/2013,88,5.6,Ben Affleck,55262,Brian Koppelman,2013,64.38882
13300000,Film4,UK,Jonathan Glazer,Drama,2605039,Under the Skin,R,3/14/2014,108,6.3,Scarlett Johansson,98496,Walter Campbell,2013,19.5867594
38000000,Exclusive Media Group,UK,Ron Howard,Action,26947624,Rush,R,9/27/2013,123,8.1,Daniel Brühl,349811,Peter Morgan,2013,70.9148
12000000,Abbolita Productions,USA,Daniel Schechter,Comedy,261695,Life of Crime,R,8/29/2014,98,5.8,Jennifer Aniston,14145,Daniel Schechter,2013,2.180791667
20000000,AR Films,Russia,Robert Rodriguez,Action,8008161,Machete Kills,R,10/11/2013,107,5.6,Danny Trejo,64085,Kyle Ward,2013,40.040805
35000000,Two Ton Films,USA,Justin Zackham,Comedy,21784432,The Big Wedding,R,4/26/2013,100,5.6,Robert De Niro,40708,Justin Zackham,2013,62.24123429
58000000,Twentieth Century Fox Film Corporation,USA,Shawn Levy,Comedy,44672764,The Internship,PG-13,6/7/2013,119,6.3,Vince Vaughn,169189,Vince Vaughn,2013,77.0220069
40000000,Chockstone Pictures,USA,Andrew Niccol,Action,26627201,The Host,PG-13,3/29/2013,125,5.9,Saoirse Ronan,98678,Andrew Niccol,2013,66.5680025
18000000,Archer Street Productions,Switzerland,Jonathan Teplitzky,Biography,4435083,Un pasado imborrable,R,5/23/2014,116,7.1,Colin Firth,31065,Frank Cottrell Boyce,2013,24.63935
16000000,Worldview Entertainment,USA,James Gray,Drama,2013456,The Immigrant,R,5/23/2014,120,6.6,Marion Cotillard,23805,James Gray,2013,12.5841
60000000,Warner Bros.,USA,Ruben Fleischer,Action,46000903,Gangster Squad,R,1/11/2013,113,6.7,Sean Penn,184266,Will Beall,2013,76.66817167
15000000,Ecosse Films,UK,Oliver Hirschbiegel,Biography,331634,Diana,PG-13,12/20/2013,113,5.5,Naomi Watts,16386,Stephen Jeffreys,2013,2.210893333
35000000,Emmett/Furla/Oasis Films (EFO Films),USA,Allen Hughes,Crime,19701164,Broken City,R,1/18/2013,109,6.2,Mark Wahlberg,67526,Brian Tucker,2013,56.28904
16000000,Gaumont,Australia,Anne Fontaine,Drama,317125,Adore,R,10/25/2013,100,6.2,Naomi Watts,26214,Anne Fontaine,2013,1.98203125
35000000,Incentive Filmed Entertainment,USA,Taylor Hackford,Action,17609982,Parker,R,1/25/2013,118,6.2,Jason Statham,97771,John J. McLaughlin,2013,50.31423429
20000000,Pathé,UK,Danny Boyle,Crime,2319187,Trance,R,5/3/2013,101,7,James McAvoy,99164,Joe Ahearne,2013,11.595935
30000000,FilmDistrict,USA,Niels Arden Oplev,Action,10880926,Dead Man Down,R,3/8/2013,118,6.5,Colin Farrell,57854,J.H. Wyman,2013,36.26975333
20000000,Lionsgate,UK,Steven Knight,Action,34956,Redemption,R,8/23/2013,100,6.2,Jason Statham,56365,Steven Knight,2013,0.17478
90000000,Fox 2000 Pictures,USA,Thor Freudenthal,Adventure,68559554,Percy Jackson: Sea of Monsters,PG,8/7/2013,106,5.9,Logan Lerman,93908,Marc Guggenheim,2013,76.17728222
115000000,TriStar Pictures,USA,Neill Blomkamp,Action,93050117,Elysium,R,8/9/2013,109,6.6,Matt Damon,366674,Neill Blomkamp,2013,80.91314522
92000000,Twentieth Century Fox Film Corporation,USA,John Moore,Action,67349198,A Good Day to Die Hard,R,2/14/2013,98,5.3,Bruce Willis,175817,Skip Woods,2013,73.20565
28000000,DreamWorks,USA,Bill Condon,Biography,3254172,The Fifth Estate,R,10/18/2013,128,6.2,Benedict Cumberbatch,32623,Daniel Domscheit-Berg,2013,11.62204286
30000000,Studio Ghibli,Japan,Hayao Miyazaki,Animation,5209580,Se levanta el viento,PG-13,2/21/2014,126,7.8,Hideaki Anno,51601,Hayao Miyazaki,2013,17.36526667
50000000,Summit Entertainment,USA,Mikael Håfström,Action,25132228,Escape Plan,R,10/18/2013,115,6.7,Sylvester Stallone,192466,Miles Chapman,2013,50.264456
25000000,China Film Group,USA,Keanu Reeves,Action,100144,Man of Tai Chi,R,7/5/2013,105,6.1,Tiger Hu Chen,30477,Michael G. Cooney,2013,0.400576
25500000,Les Productions du Trésor,France,Guillaume Canet,Crime,41229,Blood Ties,R,11/1/2013,127,6.5,Clive Owen,16156,Guillaume Canet,2013,0.161682353
35000000,Videovision Entertainment,UK,Justin Chadwick,Biography,8323085,Mandela: Long Walk to Freedom,PG-13,12/25/2013,141,7.1,Idris Elba,23075,William Nicholson,2013,23.78024286
28000000,Corsan,Belgium,Paul Haggis,Drama,1019038,Amores infieles,R,3/20/2015,137,6.4,Liam Neeson,22766,Paul Haggis,2013,3.639421429
35000000,Relativity Media,USA,Robert Luketic,Drama,7376027,Paranoia,PG-13,8/16/2013,106,5.7,Liam Hemsworth,30891,Jason Hall,2013,21.07436286
30000000,Good Universe,USA,Spike Lee,Action,2162593,Old Boy,R,11/27/2013,104,5.8,Josh Brolin,56204,Garon Tsuchiya,2013,7.208643333
60000000,Constantin Film,USA,Harald Zwart,Action,31165421,The Mortal Instruments: City of Bones,PG-13,8/21/2013,130,5.9,Lily Collins,114481,Jessica Postigo,2013,51.94236833
30000000,Art Pictures Studio,Russia,Fedor Bondarchuk,Action,1013945,Stalingrad,R,10/10/2013,131,5.6,Mariya Smolnikova,13238,Sergey Snezhkin,2013,3.379816667
84000000,Summit Entertainment,USA,Dean Parisot,Action,53262560,RED 2,PG-13,7/19/2013,116,6.7,Bruce Willis,136471,Jon Hoeber,2013,63.40780952
120000000,Universal Pictures,USA,Joseph Kosinski,Action,89021735,Oblivion,PG-13,4/19/2013,124,7,Tom Cruise,418811,Karl Gajdusek,2013,74.18477917
90000000,Twentieth Century Fox Film Corporation,USA,Ben Stiller,Adventure,58236838,The Secret Life of Walter Mitty,PG,12/25/2013,114,7.3,Ben Stiller,255109,Steve Conrad,2013,64.70759778
38600000,Block 2 Pictures,Hong Kong,Kar-Wai Wong,Action,6594959,The Grandmaster,PG-13,8/30/2013,130,6.5,Tony Chiu-Wai Leung,26489,Kar-Wai Wong,2013,17.08538601
45000000,Di Bonaventura Pictures,USA,Jee-woon Kim,Action,12050299,The Last Stand,R,1/18/2013,107,6.4,Arnold Schwarzenegger,120452,Andrew Knauer,2013,26.77844222
105000000,Columbia Pictures,USA,Raja Gosnell,Animation,71017784,The Smurfs 2,PG,7/31/2013,105,5.4,Neil Patrick Harris,30631,J. David Stem,2013,67.63598476
39200000,SnowPiercer,South Korea,Joon-ho Bong,Action,4563650,El expreso del miedo,R,7/11/2014,126,7,Chris Evans,207368,Joon-ho Bong,2013,11.64196429
60000000,Alcon Entertainment,USA,Richard LaGravenese,Drama,19452138,Beautiful Creatures,PG-13,2/14/2013,124,6.2,Alice Englert,73570,Richard LaGravenese,2013,32.42023
110000000,OddLot Entertainment,USA,Gavin Hood,Action,61737191,Ender's Game,PG-13,11/1/2013,114,6.7,Harrison Ford,197592,Gavin Hood,2013,56.12471909
135000000,DreamWorks Animation,USA,David Soren,Animation,83028128,Turbo,PG,7/17/2013,96,6.5,Ryan Reynolds,67648,Darren Lemke,2013,61.50231704
130000000,Columbia Pictures,USA,M. Night Shyamalan,Action,60522097,After Earth,PG-13,5/31/2013,100,4.9,Jaden Smith,169422,Gary Whitta,2013,46.55545923
150000000,Columbia Pictures,USA,Roland Emmerich,Action,73103784,White House Down,PG-13,6/28/2013,131,6.4,Channing Tatum,176922,James Vanderbilt,2013,48.735856
190000000,Warner Bros.,USA,Guillermo del Toro,Action,101802906,Pacific Rim,PG-13,7/12/2013,131,7,Idris Elba,407588,Travis Beacham,2013,53.58047684
130000000,Universal Pictures,USA,Robert Schwentke,Action,33618855,R.I.P.D.,PG-13,7/19/2013,100,5.6,Ryan Reynolds,99230,Phil Hay,2013,25.86065769
215000000,Walt Disney Pictures,USA,Gore Verbinski,Action,89302115,The Lone Ranger,PG-13,7/3/2013,150,6.5,Johnny Depp,194951,Justin Haythe,2013,41.53586744
195000000,New Line Cinema,USA,Bryan Singer,Adventure,65187603,Jack the Giant Slayer,PG-13,3/1/2013,114,6.3,Nicholas Hoult,113861,Darren Lemke,2013,33.42954
175000000,H2F Entertainment,USA,Carl Rinsch,Action,38362475,47 Ronin,PG-13,12/25/2013,119,6.3,Keanu Reeves,125778,Chris Morgan,2013,21.92141429
